id,word,level
1,"aboard",3
2,"acceptable",3
3,"accident",3
4,"account",3
5,"accurate",3
6,"ache",3
7,"achieve",3
8,"achievement",3
9,"activity",3
10,"actual",3
11,"additional",3
12,"admire",3
13,"admit",3
14,"adopt",3
15,"advanced",3
16,"advantage",3
17,"adventure",3
18,"advertise",3
19,"advertisement",3
20,"ad",3
21,"advice",3
22,"advise",3
23,"adviser",3
24,"advisor",3
25,"affect",3
26,"afford",3
27,"afterward",3
28,"afterwards",3
29,"agriculture",3
30,"air-conditioner",3
31,"alley",3
32,"amaze",3
33,"amazement",3
34,"ambassador",3
35,"ambition",3
36,"angel",3
37,"angle",3
38,"announce",3
39,"announcement",3
40,"apart",3
41,"apparent",3
42,"appeal",3
43,"appreciate",3
44,"approach",3
45,"approve",3
46,"aquarium",3
47,"arithmetic",3
48,"arrival",3
49,"ash",3
50,"aside",3
51,"assist",3
52,"athlete",3
53,"attempt",3
54,"attitude",3
55,"attract",3
56,"attractive",3
57,"audience",3
58,"author",3
59,"automatic",3
60,"automobile",3
61,"auto",3
62,"available",3
63,"avenue",3
64,"average",3
65,"awake",3
66,"awaken",3
67,"award",3
68,"aware",3
69,"awful",3
70,"ax",3
71,"axe",3
72,"background",3
73,"bacon",3
74,"bacteria",3
75,"badly",3
76,"badminton",3
77,"baggage",3
78,"bait",3
79,"balance",3
80,"bandage",3
81,"bang",3
82,"bare",3
83,"barely",3
84,"barn",3
85,"barrel",3
86,"bay",3
87,"beam",3
88,"beast",3
89,"beggar",3
90,"behave",3
91,"being",3
92,"belly",3
93,"stomach",3
94,"tummy",3
95,"abdomen",3
96,"beneath",3
97,"benefit",3
98,"berry",3
99,"bible",3
100,"bible",3
101,"billion",3
102,"bingo",3
103,"biscuit",3
104,"blame",3
105,"blanket",3
106,"bleed",3
107,"bless",3
108,"blouse",3
109,"bold",3
110,"boot",3
111,"border",3
112,"bore",3
113,"brake",3
114,"brass",3
115,"bravery",3
116,"breast",3
117,"breath",3
118,"breathe",3
119,"breeze",3
120,"bride",3
121,"brilliant",3
122,"brook",3
123,"broom",3
124,"brow",3
125,"bubble",3
126,"bucket",3
127,"pail",3
128,"bud",3
129,"budget",3
130,"buffalo",3
131,"buffet",3
132,"bulb",3
133,"bull",3
134,"bullet",3
135,"bump",3
136,"bunch",3
137,"burden",3
138,"burglar",3
139,"bury",3
140,"bush",3
141,"buzz",3
142,"cabin",3
143,"campus",3
144,"cane",3
145,"canoe",3
146,"canyon",3
147,"capable",3
148,"capital",3
149,"capture",3
150,"carpenter",3
151,"carriage",3
152,"cast",3
153,"casual",3
154,"caterpillar",3
155,"cattle",3
156,"celebrate",3
157,"centimeter",3
158,"ceramic",3
159,"chain",3
160,"challenge",3
161,"champion",3
162,"changeable",3
163,"channel",3
164,"chapter",3
165,"charm",3
166,"chat",3
167,"cheek",3
168,"cheer",3
169,"cheerful",3
170,"cheese",3
171,"cherry",3
172,"chest",3
173,"chew",3
174,"childhood",3
175,"chill",3
176,"chilly",3
177,"chimney",3
178,"chip",3
179,"choke",3
180,"chop",3
181,"cigarette",3
182,"circus",3
183,"civil",3
184,"classical",3
185,"click",3
186,"client",3
187,"clinic",3
188,"clip",3
189,"clue",3
190,"cocktail",3
191,"coconut",3
192,"collar",3
193,"collection",3
194,"college",3
195,"colony",3
196,"column",3
197,"combine",3
198,"comfort",3
199,"comma",3
200,"command",3
201,"commercial",3
202,"committee",3
203,"communicate",3
204,"comparison",3
205,"compete",3
206,"complaint",3
207,"complex",3
208,"concern",3
209,"concert",3
210,"conclude",3
211,"conclusion",3
212,"condition",3
213,"cone",3
214,"confident",3
215,"confuse",3
216,"connect",3
217,"connection",3
218,"conscious",3
219,"considerable",3
220,"consideration",3
221,"constant",3
222,"continent",3
223,"contract",3
224,"couch",3
225,"countable",3
226,"coward",3
227,"cradle",3
228,"crash",3
229,"crawl",3
230,"creative",3
231,"creator",3
232,"creature",3
233,"credit",3
234,"creep",3
235,"crew",3
236,"cricket",3
237,"criminal",3
238,"crisp",3
239,"crispy",3
240,"crown",3
241,"crunchy",3
242,"crutch",3
243,"cultural",3
244,"cupboard",3
245,"current",3
246,"cycle",3
247,"dairy",3
248,"dam",3
249,"dare",3
250,"darling",3
251,"dash",3
252,"deafen",3
253,"dealer",3
254,"decade",3
255,"deck",3
256,"deed",3
257,"deepen",3
258,"define",3
259,"definition",3
260,"delivery",3
261,"democracy",3
262,"democratic",3
263,"deposit",3
264,"description",3
265,"designer",3
266,"desirable",3
267,"destroy",3
268,"detail",3
269,"determine",3
270,"devil",3
271,"dialogue",3
272,"diet",3
273,"diligent",3
274,"dim",3
275,"dime",3
276,"dine",3
277,"dip",3
278,"dirt",3
279,"disappoint",3
280,"disappointment",3
281,"disco",3
282,"discotheque",3
283,"discount",3
284,"discovery",3
285,"disease",3
286,"disk",3
287,"dislike",3
288,"ditch",3
289,"dive",3
290,"dock",3
291,"dodge",3
292,"domestic",3
293,"dose",3
294,"doubtful",3
295,"drain",3
296,"dramatic",3
297,"drip",3
298,"drown",3
299,"drowsy",3
300,"drunk",3
301,"due",3
302,"dump",3
303,"dust",3
304,"eager",3
305,"earnings",3
306,"echo",3
307,"edit",3
308,"edition",3
309,"editor",3
310,"educate",3
311,"educational",3
312,"efficient",3
313,"elbow",3
314,"elderly",3
315,"election",3
316,"electric",3
317,"electrical",3
318,"electricity",3
319,"electronic",3
320,"emergency",3
321,"emperor",3
322,"emphasize",3
323,"employment",3
324,"employ",3
325,"employee",3
326,"employer",3
327,"empty",3
328,"enable",3
329,"energetic",3
330,"engage",3
331,"engagement",3
332,"engine",3
333,"engineer",3
334,"enjoyable",3
335,"entry",3
336,"environmental",3
337,"envy",3
338,"erase",3
339,"escape",3
340,"evil",3
341,"excellence",3
342,"exchange",3
343,"exhibition",3
344,"existence",3
345,"exit",3
346,"expectation",3
347,"expense",3
348,"experiment",3
349,"explode",3
350,"export",3
351,"expression",3
352,"expressive",3
353,"extreme",3
354,"fable",3
355,"factor",3
356,"fade",3
357,"faint",3
358,"fairly",3
359,"fairy",3
360,"faith",3
361,"fake",3
362,"familiar",3
363,"fan",3
364,"fanatic",3
365,"fancy",3
366,"fare",3
367,"farther",3
368,"fashion",3
369,"fashionable",3
370,"fasten",3
371,"fate",3
372,"faucet",3
373,"tap",3
374,"fax",3
375,"feather",3
376,"feature",3
377,"file",3
378,"firework",3
379,"fist",3
380,"flame",3
381,"flavor",3
382,"flea",3
383,"flesh",3
384,"float",3
385,"flock",3
386,"fold",3
387,"folk",3
388,"follower",3
389,"fond",3
390,"forehead",3
391,"brow",3
392,"forever",3
393,"forth",3
394,"fortune",3
395,"found",3
396,"fountain",3
397,"freeze",3
398,"frequent",3
399,"friendship",3
400,"frustrate",3
401,"fry",3
402,"fund",3
403,"fur",3
404,"furniture",3
405,"gallon",3
406,"gamble",3
407,"gang",3
408,"gap",3
409,"garlic",3
410,"gasoline",3
411,"gasolene",3
412,"gas",3
413,"gesture",3
414,"glance",3
415,"global",3
416,"glory",3
417,"glow",3
418,"gossip",3
419,"governor",3
420,"gown",3
421,"grab",3
422,"gradual",3
423,"graduate",3
424,"grain",3
425,"gram",3
426,"grasp",3
427,"grasshopper",3
428,"greenhouse",3
429,"grin",3
430,"grocery",3
431,"guardian",3
432,"guidance",3
433,"gum",3
434,"chewing gum",3
435,"gymnasium",3
436,"gym",3
437,"hairdresser",3
438,"hallway",3
439,"handful",3
440,"handy",3
441,"harbor",3
442,"harm",3
443,"harmful",3
444,"harvest",3
445,"hasty",3
446,"hatch",3
447,"hawk",3
448,"hay",3
449,"headline",3
450,"headquarters",3
451,"heal",3
452,"heap",3
453,"heaven",3
454,"heel",3
455,"hell",3
456,"helmet",3
457,"hesitate",3
458,"hike",3
459,"hint",3
460,"historian",3
461,"historic",3
462,"historical",3
463,"hive",3
464,"hollow",3
465,"holy",3
466,"hometown",3
467,"honesty",3
468,"honor",3
469,"horn",3
470,"horrible",3
471,"horror",3
472,"hourly",3
473,"housekeeper",3
474,"hug",3
475,"humorous",3
476,"hush",3
477,"hut",3
478,"icy",3
479,"ideal",3
480,"identity",3
481,"ignorance",3
482,"image",3
483,"imagination",3
484,"immediate",3
485,"import",3
486,"impress",3
487,"impressive",3
488,"indeed",3
489,"individual",3
490,"indoor",3
491,"indoors",3
492,"industrial",3
493,"inferior",3
494,"inform",3
495,"injure",3
496,"injury",3
497,"inn",3
498,"inner",3
499,"innocent",3
500,"inspect",3
501,"inspector",3
502,"instead",3
503,"instruction",3
504,"internal",3
505,"interrupt",3
506,"introduction",3
507,"inventor",3
508,"investigate",3
509,"ivory",3
510,"jail",3
511,"jar",3
512,"jaw",3
513,"jealous",3
514,"jelly",3
515,"jet",3
516,"jewel",3
517,"jewelry",3
518,"journal",3
519,"journey",3
520,"joyful",3
521,"jungle",3
522,"junk",3
523,"justice",3
524,"kangaroo",3
525,"kettle",3
526,"keyboard",3
527,"kidney",3
528,"kilogram",3
529,"kg",3
530,"kilometer",3
531,"km",3
532,"kit",3
533,"kneel",3
534,"knight",3
535,"knit",3
536,"knob",3
537,"knot",3
538,"label",3
539,"lace",3
540,"ladder",3
541,"latter",3
542,"laughter",3
543,"laundry",3
544,"lawn",3
545,"leak",3
546,"leap",3
547,"leather",3
548,"leisure",3
549,"lengthen",3
550,"lens",3
551,"liar",3
552,"liberal",3
553,"liberty",3
554,"librarian",3
555,"lifeboat",3
556,"lifeguard",3
557,"lifetime",3
558,"lighthouse",3
559,"limb",3
560,"linen",3
561,"lipstick",3
562,"litter",3
563,"lively",3
564,"liver",3
565,"load",3
566,"lobby",3
567,"lobster",3
568,"lollipop",3
569,"loose",3
570,"loosen",3
571,"lord",3
572,"loudspeaker",3
573,"luggage",3
574,"lullaby",3
575,"lung",3
576,"magical",3
577,"magnet",3
578,"maid",3
579,"major",3
580,"majority",3
581,"mall",3
582,"manage",3
583,"management",3
584,"manageable",3
585,"manager",3
586,"mankind",3
587,"humankind",3
588,"manners",3
589,"marble",3
590,"march",3
591,"marvelous",3
592,"mathematical",3
593,"mathematics",3
594,"math",3
595,"mature",3
596,"mayor",3
597,"meadow",3
598,"meaningful",3
599,"meanwhile",3
600,"medal",3
601,"medical",3
602,"medium",3
603,"melt",3
604,"membership",3
605,"memorize",3
606,"mend",3
607,"mental",3
608,"mention",3
609,"merchant",3
610,"merry",3
611,"mess",3
612,"microphone",3
613,"mike",3
614,"microwave",3
615,"might",3
616,"mighty",3
617,"mill",3
618,"millionaire",3
619,"miner",3
620,"minor",3
621,"minority",3
622,"miracle",3
623,"misery",3
624,"missile",3
625,"missing",3
626,"mission",3
627,"mist",3
628,"mixture",3
629,"mob",3
630,"mobile",3
631,"moist",3
632,"moisture",3
633,"monk",3
634,"mood",3
635,"mop",3
636,"moral",3
637,"motel",3
638,"motor",3
639,"murder",3
640,"muscle",3
641,"mushroom",3
642,"musical",3
643,"mystery",3
644,"nanny",3
645,"nap",3
646,"native",3
647,"navy",3
648,"necessity",3
649,"necktie",3
650,"neighborhood",3
651,"nerve",3
652,"nervous",3
653,"network",3
654,"nickname",3
655,"noble",3
656,"normal",3
657,"novelist",3
658,"nun",3
659,"oak",3
660,"observe",3
661,"obvious",3
662,"occasion",3
663,"odd",3
664,"onto",3
665,"operator",3
666,"opportunity",3
667,"opposite",3
668,"optimistic",3
669,"origin",3
670,"original",3
671,"orphan",3
672,"ought to",3
673,"outdoor",3
674,"outdoors",3
675,"outer",3
676,"outline",3
677,"overcoat",3
678,"owe",3
679,"ownership",3
680,"pad",3
681,"pail",3
682,"pal",3
683,"palace",3
684,"pale",3
685,"pancake",3
686,"panic",3
687,"parade",3
688,"paradise",3
689,"parcel",3
690,"participate",3
691,"passage",3
692,"passion",3
693,"passport",3
694,"password",3
695,"patience",3
696,"pause",3
697,"pave",3
698,"pavement",3
699,"paw",3
700,"pay",3
701,"salary",3
702,"wage",3
703,"pea",3
704,"peak",3
705,"pearl",3
706,"peel",3
707,"peep",3
708,"penny",3
709,"perform",3
710,"performance",3
711,"permission",3
712,"permit",3
713,"personality",3
714,"persuade",3
715,"pest",3
716,"pickle",3
717,"pill",3
718,"pilot",3
719,"pine",3
720,"pint",3
721,"pit",3
722,"pity",3
723,"plastic",3
724,"plenty",3
725,"plug",3
726,"plum",3
727,"plumber",3
728,"pole",3
729,"political",3
730,"politician",3
731,"politics",3
732,"poll",3
733,"pollute",3
734,"pony",3
735,"pop",3
736,"popular",3
737,"porcelain",3
738,"china",3
739,"portion",3
740,"portrait",3
741,"postage",3
742,"poster",3
743,"postpone",3
744,"postponement",3
745,"pottery",3
746,"ceramic",3
747,"pour",3
748,"poverty",3
749,"powder",3
750,"practical",3
751,"prayer",3
752,"precious",3
753,"preparation",3
754,"pressure",3
755,"pretend",3
756,"prevent",3
757,"previous",3
758,"priest",3
759,"primary",3
760,"probable",3
761,"process",3
762,"product",3
763,"profit",3
764,"program",3
765,"promote",3
766,"proof",3
767,"proper",3
768,"property",3
769,"proposal",3
770,"protection",3
771,"protective",3
772,"pub",3
773,"punch",3
774,"pure",3
775,"pursue",3
776,"quarrel",3
777,"queer",3
778,"quote",3
779,"racial",3
780,"radar",3
781,"rag",3
782,"raisin",3
783,"rank",3
784,"rate",3
785,"raw",3
786,"ray",3
787,"razor",3
788,"react",3
789,"reaction",3
790,"reasonable",3
791,"receipt",3
792,"receiver",3
793,"recognize",3
794,"recorder",3
795,"recover",3
796,"reduce",3
797,"regional",3
798,"regret",3
799,"relate",3
800,"relax",3
801,"release",3
802,"reliable",3
803,"relief",3
804,"religion",3
805,"religious",3
806,"rely",3
807,"remain",3
808,"remind",3
809,"remote",3
810,"remove",3
811,"renew",3
812,"rent",3
813,"repair",3
814,"replace",3
815,"replacement",3
816,"represent",3
817,"representative",3
818,"republic",3
819,"request",3
820,"reserve",3
821,"resist",3
822,"resource",3
823,"respond",3
824,"response",3
825,"responsibility",3
826,"restrict",3
827,"reveal",3
828,"ribbon",3
829,"rid",3
830,"riddle",3
831,"ripe",3
832,"risk",3
833,"roar",3
834,"roast",3
835,"rob",3
836,"robber",3
837,"robbery",3
838,"robe",3
839,"rocket",3
840,"romantic",3
841,"rot",3
842,"rotten",3
843,"rough",3
844,"routine",3
845,"rug",3
846,"rumor",3
847,"rust",3
848,"rusty",3
849,"sack",3
850,"sake",3
851,"satisfactory",3
852,"saucer",3
853,"sausage",3
854,"saving",3
855,"scale",3
856,"scarce",3
857,"scarecrow",3
858,"scarf",3
859,"scary",3
860,"scatter",3
861,"schedule",3
862,"scholar",3
863,"scholarship",3
864,"scientific",3
865,"scoop",3
866,"scout",3
867,"scream",3
868,"screw",3
869,"scrub",3
870,"seal",3
871,"secondary",3
872,"security",3
873,"seek",3
874,"seize",3
875,"seldom",3
876,"sensible",3
877,"sensitive",3
878,"separation",3
879,"sew",3
880,"sex",3
881,"sexual",3
882,"sexy",3
883,"shade",3
884,"shadow",3
885,"shady",3
886,"shallow",3
887,"shame",3
888,"shampoo",3
889,"shave",3
890,"shepherd",3
891,"shiny",3
892,"shorten",3
893,"shortly",3
894,"shovel",3
895,"shrink",3
896,"sigh",3
897,"signal",3
898,"significant",3
899,"similarity",3
900,"sin",3
901,"sincere",3
902,"sip",3
903,"situation",3
904,"skate",3
905,"ski",3
906,"skip",3
907,"skyscraper",3
908,"slave",3
909,"sleeve",3
910,"slice",3
911,"slippery",3
912,"slope",3
913,"smooth",3
914,"snap",3
915,"solid",3
916,"someday",3
917,"somehow",3
918,"sometime",3
919,"somewhat",3
920,"sore",3
921,"sorrow",3
922,"spade",3
923,"spaghetti",3
924,"specific",3
925,"spice",3
926,"spill",3
927,"spin",3
928,"spit",3
929,"spite",3
930,"splash",3
931,"spoil",3
932,"sprain",3
933,"spray",3
934,"sprinkle",3
935,"spy",3
936,"squeeze",3
937,"stab",3
938,"stable",3
939,"stadium",3
940,"staff",3
941,"stale",3
942,"stare",3
943,"starve",3
944,"statue",3
945,"steady",3
946,"steep",3
947,"stepchild",3
948,"stepfather",3
949,"stepmother",3
950,"stereo",3
951,"sticky",3
952,"stiff",3
953,"sting",3
954,"stir",3
955,"stitch",3
956,"stocking",3
957,"stool",3
958,"stormy",3
959,"strategy",3
960,"strength",3
961,"strip",3
962,"structure",3
963,"stubborn",3
964,"studio",3
965,"stuff",3
966,"style",3
967,"substance",3
968,"suburb",3
969,"suck",3
970,"suffer",3
971,"sufficient",3
972,"suggest",3
973,"suicide",3
974,"suitable",3
975,"sum",3
976,"summary",3
977,"summit",3
978,"superior",3
979,"suppose",3
980,"surround",3
981,"survey",3
982,"survival",3
983,"survivor",3
984,"suspect",3
985,"suspicion",3
986,"swear",3
987,"sweat",3
988,"swell",3
989,"swift",3
990,"switch",3
991,"sword",3
992,"system",3
993,"tablet",3
994,"tack",3
995,"tag",3
996,"tailor",3
997,"tame",3
998,"tap",3
999,"tax",3
1000,"tease",3
1001,"technical",3
1002,"technique",3
1003,"technology",3
1004,"temper",3
1005,"temperature",3
1006,"temporary",3
1007,"tend",3
1008,"tender",3
1009,"territory",3
1010,"text",3
1011,"thankful",3
1012,"theory",3
1013,"thirst",3
1014,"thread",3
1015,"threat",3
1016,"threaten",3
1017,"tickle",3
1018,"tide",3
1019,"tidy",3
1020,"tight",3
1021,"tighten",3
1022,"timber",3
1023,"tissue",3
1024,"tobacco",3
1025,"ton",3
1026,"tortoise",3
1027,"toss",3
1028,"tourism",3
1029,"tourist",3
1030,"tow",3
1031,"trace",3
1032,"trader",3
1033,"trail",3
1034,"transport",3
1035,"trash",3
1036,"traveler",3
1037,"tray",3
1038,"tremble",3
1039,"trend",3
1040,"tribe",3
1041,"tricky",3
1042,"troop",3
1043,"tropical",3
1044,"trunk",3
1045,"truthful",3
1046,"tub",3
1047,"tug",3
1048,"tulip",3
1049,"tumble",3
1050,"tune",3
1051,"tutor",3
1052,"twig",3
1053,"twin",3
1054,"twist",3
1055,"typewriter",3
1056,"typical",3
1057,"union",3
1058,"unite",3
1059,"unity",3
1060,"universe",3
1061,"unless",3
1062,"upset",3
1063,"vacant",3
1064,"valuable",3
1065,"van",3
1066,"vanish",3
1067,"variety",3
1068,"various",3
1069,"vary",3
1070,"vase",3
1071,"vehicle",3
1072,"verse",3
1073,"vest",3
1074,"vice-president",3
1075,"victim",3
1076,"violence",3
1077,"violent",3
1078,"violet",3
1079,"visible",3
1080,"vision",3
1081,"vitamin",3
1082,"vivid",3
1083,"volume",3
1084,"wag",3
1085,"wage",3
1086,"wagon",3
1087,"waken",3
1088,"wander",3
1089,"warmth",3
1090,"warn",3
1091,"wax",3
1092,"weaken",3
1093,"wealth",3
1094,"wealthy",3
1095,"weave",3
1096,"web",3
1097,"weed",3
1098,"weep",3
1099,"wheat",3
1100,"whip",3
1101,"whistle",3
1102,"wicked",3
1103,"willow",3
1104,"wink",3
1105,"wipe",3
1106,"wisdom",3
1107,"wrap",3
1108,"wrist",3
1109,"x-ray",3
1110,"x-ray",3
1111,"yawn",3
1112,"yell",3
1113,"yolk",3
1114,"youngster",3
1115,"zipper",3
1116,"zone",3
1117,"abandon",4
1118,"abdomen",4
1119,"absolute",4
1120,"absorb",4
1121,"abstract",4
1122,"academic",4
1123,"accent",4
1124,"acceptance",4
1125,"access",4
1126,"accidental",4
1127,"accompany",4
1128,"accomplish",4
1129,"accomplishment",4
1130,"accountant",4
1131,"accuracy",4
1132,"accuse",4
1133,"acid",4
1134,"acquaint",4
1135,"acquaintance",4
1136,"acquire",4
1137,"acre",4
1138,"adapt",4
1139,"adequate",4
1140,"adjective",4
1141,"adjust",4
1142,"adjustment",4
1143,"admirable",4
1144,"admiration",4
1145,"admission",4
1146,"adverb",4
1147,"agency",4
1148,"agent",4
1149,"aggressive",4
1150,"agreeable",4
1151,"aids",4
1152,"acquired immune deficiency syndrome",4
1153,"alcohol",4
1154,"alert",4
1155,"allowance",4
1156,"pocket money",4
1157,"aluminum",4
1158,"a.m.",4
1159,"am",4
1160,"a.m.",4
1161,"am",4
1162,"amateur",4
1163,"ambitious",4
1164,"amid",4
1165,"amuse",4
1166,"amusement",4
1167,"analysis",4
1168,"analyze",4
1169,"ancestor",4
1170,"anniversary",4
1171,"annoy",4
1172,"annual",4
1173,"anxiety",4
1174,"anxious",4
1175,"apologize",4
1176,"apology",4
1177,"appliance",4
1178,"applicant",4
1179,"application",4
1180,"appoint",4
1181,"appointment",4
1182,"appreciation",4
1183,"appropriate",4
1184,"approval",4
1185,"arch",4
1186,"arise",4
1187,"arms",4
1188,"arouse",4
1189,"article",4
1190,"artificial",4
1191,"artistic",4
1192,"ashamed",4
1193,"aspect",4
1194,"aspirin",4
1195,"assemble",4
1196,"assembly",4
1197,"assign",4
1198,"assignment",4
1199,"assistance",4
1200,"associate",4
1201,"association",4
1202,"assume",4
1203,"assurance",4
1204,"assure",4
1205,"athletic",4
1206,"atm",4
1207,"automatic teller machine",4
1208,"atmosphere",4
1209,"atom",4
1210,"atomic",4
1211,"attach",4
1212,"attachment",4
1213,"attraction",4
1214,"audio",4
1215,"authority",4
1216,"autobiography",4
1217,"await",4
1218,"awkward",4
1219,"backpack",4
1220,"bald",4
1221,"ballet",4
1222,"bankrupt",4
1223,"bargain",4
1224,"barrier",4
1225,"basin",4
1226,"battery",4
1227,"beak",4
1228,"beam",4
1229,"behavior",4
1230,"biography",4
1231,"biology",4
1232,"blade",4
1233,"blend",4
1234,"blessing",4
1235,"blink",4
1236,"bloom",4
1237,"blossom",4
1238,"blush",4
1239,"boast",4
1240,"bond",4
1241,"bounce",4
1242,"bracelet",4
1243,"brassiere",4
1244,"bra",4
1245,"breed",4
1246,"bridegroom",4
1247,"groom",4
1248,"broil",4
1249,"broke",4
1250,"brutal",4
1251,"bulletin",4
1252,"cabinet",4
1253,"calculate",4
1254,"calculation",4
1255,"calculator",4
1256,"calorie",4
1257,"campaign",4
1258,"candidate",4
1259,"capacity",4
1260,"cape",4
1261,"capital",4
1262,"capitalism",4
1263,"capitalist",4
1264,"career",4
1265,"cargo",4
1266,"carrier",4
1267,"carve",4
1268,"catalogue",4
1269,"catalog",4
1270,"cd",4
1271,"compact disk",4
1272,"cease",4
1273,"celebration",4
1274,"cement",4
1275,"chamber",4
1276,"championship",4
1277,"characteristic",4
1278,"charity",4
1279,"chemistry",4
1280,"cherish",4
1281,"chirp",4
1282,"chore",4
1283,"chorus",4
1284,"cigar",4
1285,"cinema",4
1286,"circular",4
1287,"circulate",4
1288,"circulation",4
1289,"circumstance",4
1290,"civilian",4
1291,"civilization",4
1292,"clarify",4
1293,"clash",4
1294,"classification",4
1295,"classify",4
1296,"cliff",4
1297,"climax",4
1298,"clumsy",4
1299,"coarse",4
1300,"code",4
1301,"collapse",4
1302,"combination",4
1303,"comedy",4
1304,"comic",4
1305,"comic",4
1306,"commander",4
1307,"comment",4
1308,"commerce",4
1309,"commit",4
1310,"communication",4
1311,"community",4
1312,"companion",4
1313,"competition",4
1314,"competitive",4
1315,"competitor",4
1316,"complicate",4
1317,"compose",4
1318,"composer",4
1319,"composition",4
1320,"concentrate",4
1321,"concentration",4
1322,"concept",4
1323,"concerning",4
1324,"concrete",4
1325,"conductor",4
1326,"conference",4
1327,"confess",4
1328,"confidence",4
1329,"confine",4
1330,"confusion",4
1331,"congratulate",4
1332,"congress",4
1333,"conjunction",4
1334,"conquer",4
1335,"conscience",4
1336,"consequence",4
1337,"consequent",4
1338,"conservative",4
1339,"consist",4
1340,"consistent",4
1341,"consonant",4
1342,"constitute",4
1343,"constitution",4
1344,"construct",4
1345,"construction",4
1346,"constructive",4
1347,"consult",4
1348,"consultant",4
1349,"consume",4
1350,"consumer",4
1351,"container",4
1352,"content",4
1353,"contentment",4
1354,"contents",4
1355,"contest",4
1356,"context",4
1357,"continual",4
1358,"continuous",4
1359,"contrary",4
1360,"contrast",4
1361,"contribute",4
1362,"contribution",4
1363,"convenience",4
1364,"convention",4
1365,"conventional",4
1366,"converse",4
1367,"convey",4
1368,"convince",4
1369,"cooperate",4
1370,"cooperation",4
1371,"cooperative",4
1372,"cope",4
1373,"copper",4
1374,"cord",4
1375,"cork",4
1376,"correspond",4
1377,"costume",4
1378,"cottage",4
1379,"council",4
1380,"counter",4
1381,"courageous",4
1382,"courteous",4
1383,"courtesy",4
1384,"crack",4
1385,"craft",4
1386,"cram",4
1387,"creation",4
1388,"creativity",4
1389,"cripple",4
1390,"critic",4
1391,"critical",4
1392,"criticism",4
1393,"criticize",4
1394,"cruelty",4
1395,"crush",4
1396,"cube",4
1397,"cucumber",4
1398,"cue",4
1399,"cunning",4
1400,"curiosity",4
1401,"curl",4
1402,"curse",4
1403,"curve",4
1404,"cushion",4
1405,"damn",4
1406,"damp",4
1407,"deadline",4
1408,"declare",4
1409,"decoration",4
1410,"decrease",4
1411,"defeat",4
1412,"defend",4
1413,"defense",4
1414,"defensible",4
1415,"defensive",4
1416,"definite",4
1417,"delicate",4
1418,"delight",4
1419,"delightful",4
1420,"demand",4
1421,"demonstrate",4
1422,"demonstration",4
1423,"dense",4
1424,"depart",4
1425,"departure",4
1426,"dependable",4
1427,"dependent",4
1428,"depress",4
1429,"depression",4
1430,"deserve",4
1431,"desperate",4
1432,"despite",4
1433,"destruction",4
1434,"detective",4
1435,"determination",4
1436,"device",4
1437,"devise",4
1438,"devote",4
1439,"diaper",4
1440,"differ",4
1441,"digest",4
1442,"digestion",4
1443,"digital",4
1444,"dignity",4
1445,"diligence",4
1446,"diploma",4
1447,"diplomat",4
1448,"disadvantage",4
1449,"disaster",4
1450,"discipline",4
1451,"disconnect",4
1452,"discourage",4
1453,"discouragement",4
1454,"disguise",4
1455,"disgust",4
1456,"dismiss",4
1457,"disorder",4
1458,"dispute",4
1459,"distinct",4
1460,"distinguish",4
1461,"distinguished",4
1462,"distribute",4
1463,"distribution",4
1464,"district",4
1465,"disturb",4
1466,"divine",4
1467,"divorce",4
1468,"dominant",4
1469,"dominate",4
1470,"dormitory",4
1471,"dorm",4
1472,"download",4
1473,"doze",4
1474,"draft",4
1475,"dread",4
1476,"drift",4
1477,"drill",4
1478,"durable",4
1479,"dusty",4
1480,"dvd",4
1481,"digital video disk",4
1482,"digital versatile disk",4
1483,"dye",4
1484,"dynamic",4
1485,"dynasty",4
1486,"earnest",4
1487,"earphone",4
1488,"economic",4
1489,"economical",4
1490,"economics",4
1491,"economist",4
1492,"economy",4
1493,"efficiency",4
1494,"elastic",4
1495,"electrician",4
1496,"electronics",4
1497,"elegant",4
1498,"elementary",4
1499,"eliminate",4
1500,"elsewhere",4
1501,"e-mail",4
1502,"email",4
1503,"embarrass",4
1504,"embarrassment",4
1505,"embassy",4
1506,"emerge",4
1507,"emotional",4
1508,"emphasis",4
1509,"empire",4
1510,"enclose",4
1511,"encounter",4
1512,"endanger",4
1513,"endure",4
1514,"enforce",4
1515,"enforcement",4
1516,"engineering",4
1517,"enlarge",4
1518,"enlargement",4
1519,"enormous",4
1520,"entertain",4
1521,"entertainment",4
1522,"enthusiasm",4
1523,"envious",4
1524,"equality",4
1525,"equip",4
1526,"equipment",4
1527,"era",4
1528,"errand",4
1529,"escalator",4
1530,"essay",4
1531,"essential",4
1532,"establish",4
1533,"establishment",4
1534,"estimate",4
1535,"evaluate",4
1536,"evaluation",4
1537,"eve",4
1538,"eventual",4
1539,"evidence",4
1540,"evident",4
1541,"exaggerate",4
1542,"examinee",4
1543,"examiner",4
1544,"exception",4
1545,"exhaust",4
1546,"exhibit",4
1547,"expand",4
1548,"expansion",4
1549,"experimental",4
1550,"explanation",4
1551,"explore",4
1552,"explosion",4
1553,"explosive",4
1554,"expose",4
1555,"exposure",4
1556,"extend",4
1557,"extent",4
1558,"facial",4
1559,"facility",4
1560,"faithful",4
1561,"fame",4
1562,"fantastic",4
1563,"fantasy",4
1564,"farewell",4
1565,"fatal",4
1566,"favorable",4
1567,"feast",4
1568,"ferry",4
1569,"fertile",4
1570,"fetch",4
1571,"fiction",4
1572,"fierce",4
1573,"finance",4
1574,"financial",4
1575,"firecracker",4
1576,"fireplace",4
1577,"flatter",4
1578,"flee",4
1579,"flexible",4
1580,"fluent",4
1581,"flunk",4
1582,"flush",4
1583,"foam",4
1584,"forbid",4
1585,"forecast",4
1586,"formation",4
1587,"formula",4
1588,"fort",4
1589,"fortunate",4
1590,"fossil",4
1591,"foundation",4
1592,"founder",4
1593,"fragrance",4
1594,"fragrant",4
1595,"frame",4
1596,"freeway",4
1597,"frequency",4
1598,"freshman",4
1599,"frost",4
1600,"frown",4
1601,"frustration",4
1602,"fuel",4
1603,"fulfill",4
1604,"fulfillment",4
1605,"functional",4
1606,"fundamental",4
1607,"funeral",4
1608,"furious",4
1609,"furnish",4
1610,"furthermore",4
1611,"gallery",4
1612,"gangster",4
1613,"gaze",4
1614,"gear",4
1615,"gene",4
1616,"generation",4
1617,"generosity",4
1618,"genius",4
1619,"genuine",4
1620,"germ",4
1621,"gifted",4
1622,"gigantic",4
1623,"giggle",4
1624,"ginger",4
1625,"glide",4
1626,"glimpse",4
1627,"globe",4
1628,"glorious",4
1629,"goods",4
1630,"grace",4
1631,"graceful",4
1632,"gracious",4
1633,"graduation",4
1634,"grammar",4
1635,"grammatical",4
1636,"grapefruit",4
1637,"grateful",4
1638,"gratitude",4
1639,"grave",4
1640,"greasy",4
1641,"greeting",4
1642,"grief",4
1643,"grieve",4
1644,"grind",4
1645,"guarantee",4
1646,"guilt",4
1647,"guilty",4
1648,"gulf",4
1649,"habitual",4
1650,"halt",4
1651,"handwriting",4
1652,"harden",4
1653,"hardship",4
1654,"hardware",4
1655,"harmonica",4
1656,"harmony",4
1657,"harsh",4
1658,"haste",4
1659,"hasten",4
1660,"hatred",4
1661,"headphone",4
1662,"healthful",4
1663,"helicopter",4
1664,"herd",4
1665,"hesitation",4
1666,"highly",4
1667,"homeland",4
1668,"honeymoon",4
1669,"honorable",4
1670,"hook",4
1671,"hopeful",4
1672,"horizon",4
1673,"horrify",4
1674,"hose",4
1675,"host",4
1676,"hostel",4
1677,"household",4
1678,"housewife",4
1679,"housework",4
1680,"humanity",4
1681,"humidity",4
1682,"hurricane",4
1683,"hydrogen",4
1684,"iceberg",4
1685,"identical",4
1686,"identification",4
1687,"ID",4
1688,"identify",4
1689,"idiom",4
1690,"idle",4
1691,"idol",4
1692,"ignorant",4
1693,"illustrate",4
1694,"illustration",4
1695,"imaginable",4
1696,"imaginary",4
1697,"imaginative",4
1698,"imitate",4
1699,"imitation",4
1700,"immigrant",4
1701,"immigrate",4
1702,"immigration",4
1703,"impact",4
1704,"imply",4
1705,"impression",4
1706,"incident",4
1707,"including",4
1708,"indication",4
1709,"industrialize",4
1710,"infant",4
1711,"infect",4
1712,"infection",4
1713,"inflation",4
1714,"influential",4
1715,"information",4
1716,"informative",4
1717,"ingredient",4
1718,"initial",4
1719,"innocence",4
1720,"input",4
1721,"insert",4
1722,"inspection",4
1723,"inspiration",4
1724,"inspire",4
1725,"install",4
1726,"instinct",4
1727,"instruct",4
1728,"instructor",4
1729,"insult",4
1730,"insurance",4
1731,"intellectual",4
1732,"intelligence",4
1733,"intelligent",4
1734,"intend",4
1735,"intense",4
1736,"intensify",4
1737,"intensity",4
1738,"intensive",4
1739,"intention",4
1740,"interact",4
1741,"interaction",4
1742,"interfere",4
1743,"intermediate",4
1744,"internet",4
1745,"internet",4
1746,"interpret",4
1747,"interruption",4
1748,"intimate",4
1749,"intonation",4
1750,"invade",4
1751,"invasion",4
1752,"invention",4
1753,"invest",4
1754,"investment",4
1755,"investigation",4
1756,"involve",4
1757,"involvement",4
1758,"isolate",4
1759,"isolation",4
1760,"itch",4
1761,"jealousy",4
1762,"junior",4
1763,"keen",4
1764,"knuckle",4
1765,"labor",4
1766,"laboratory",4
1767,"lab",4
1768,"lag",4
1769,"landmark",4
1770,"landscape",4
1771,"landslide",4
1772,"mudslide",4
1773,"largely",4
1774,"lately",4
1775,"launch",4
1776,"lawful",4
1777,"lead",4
1778,"lean",4
1779,"learned",4
1780,"learning",4
1781,"lecture",4
1782,"lecturer",4
1783,"legend",4
1784,"leisurely",4
1785,"license",4
1786,"lighten",4
1787,"limitation",4
1788,"liquor",4
1789,"literary",4
1790,"literature",4
1791,"loan",4
1792,"location",4
1793,"locker",4
1794,"logic",4
1795,"logical",4
1796,"lotion",4
1797,"lousy",4
1798,"loyal",4
1799,"loyalty",4
1800,"lunar",4
1801,"luxurious",4
1802,"luxury",4
1803,"machinery",4
1804,"madam",4
1805,"ma'am",4
1806,"magnetic",4
1807,"magnificent",4
1808,"makeup",4
1809,"manual",4
1810,"manufacture",4
1811,"manufacturer",4
1812,"marathon",4
1813,"margin",4
1814,"maturity",4
1815,"maximum",4
1816,"measure",4
1817,"mechanic",4
1818,"mechanical",4
1819,"memorable",4
1820,"memorial",4
1821,"mercy",4
1822,"mere",4
1823,"merit",4
1824,"messenger",4
1825,"messy",4
1826,"microscope",4
1827,"mild",4
1828,"mineral",4
1829,"minimum",4
1830,"minister",4
1831,"ministry",4
1832,"mischief",4
1833,"miserable",4
1834,"misfortune",4
1835,"mislead",4
1836,"misunderstand",4
1837,"moderate",4
1838,"modest",4
1839,"modesty",4
1840,"monitor",4
1841,"monthly",4
1842,"monument",4
1843,"moreover",4
1844,"mostly",4
1845,"motivate",4
1846,"motivation",4
1847,"mountainous",4
1848,"mow",4
1849,"mtv",4
1850,"music television",4
1851,"muddy",4
1852,"multiple",4
1853,"murderer",4
1854,"murmur",4
1855,"mustache",4
1856,"mutual",4
1857,"mysterious",4
1858,"namely",4
1859,"nationality",4
1860,"nearsighted",4
1861,"needy",4
1862,"neglect",4
1863,"negotiate",4
1864,"nevertheless",4
1865,"nonetheless",4
1866,"nightmare",4
1867,"nonsense",4
1868,"noun",4
1869,"nowadays",4
1870,"nuclear",4
1871,"numerous",4
1872,"nursery",4
1873,"nylon",4
1874,"obedience",4
1875,"obedient",4
1876,"objection",4
1877,"objective",4
1878,"observation",4
1879,"obstacle",4
1880,"obtain",4
1881,"occasional",4
1882,"occupation",4
1883,"occupy",4
1884,"offend",4
1885,"offense",4
1886,"offensive",4
1887,"opera",4
1888,"operation",4
1889,"oppose",4
1890,"oral",4
1891,"orbit",4
1892,"orchestra",4
1893,"organic",4
1894,"otherwise",4
1895,"outcome",4
1896,"outstanding",4
1897,"oval",4
1898,"overcome",4
1899,"overlook",4
1900,"overnight",4
1901,"overtake",4
1902,"overthrow",4
1903,"oxygen",4
1904,"pace",4
1905,"panel",4
1906,"parachute",4
1907,"paragraph",4
1908,"partial",4
1909,"participation",4
1910,"participle",4
1911,"partnership",4
1912,"passive",4
1913,"pasta",4
1914,"pebble",4
1915,"peculiar",4
1916,"pedal",4
1917,"peer",4
1918,"penalty",4
1919,"percent",4
1920,"per cent",4
1921,"percentage",4
1922,"perfection",4
1923,"perfume",4
1924,"permanent",4
1925,"persuasion",4
1926,"persuasive",4
1927,"pessimistic",4
1928,"petal",4
1929,"phenomenon",4
1930,"philosopher",4
1931,"philosophical",4
1932,"philosophy",4
1933,"photography",4
1934,"physical",4
1935,"physician",4
1936,"doctor",4
1937,"physicist",4
1938,"physics",4
1939,"pianist",4
1940,"pickpocket",4
1941,"pioneer",4
1942,"pirate",4
1943,"plentiful",4
1944,"plot",4
1945,"plural",4
1946,"p.m.",4
1947,"pm",4
1948,"p.m.",4
1949,"pm",4
1950,"poisonous",4
1951,"polish",4
1952,"pollution",4
1953,"popularity",4
1954,"portable",4
1955,"porter",4
1956,"portray",4
1957,"possess",4
1958,"possession",4
1959,"precise",4
1960,"predict",4
1961,"preferable",4
1962,"pregnancy",4
1963,"pregnant",4
1964,"preposition",4
1965,"presentation",4
1966,"preservation",4
1967,"preserve",4
1968,"prevention",4
1969,"prime",4
1970,"primitive",4
1971,"privacy",4
1972,"privilege",4
1973,"procedure",4
1974,"proceed",4
1975,"production",4
1976,"productive",4
1977,"profession",4
1978,"professional",4
1979,"professor",4
1980,"profitable",4
1981,"prominent",4
1982,"promising",4
1983,"promotion",4
1984,"prompt",4
1985,"pronoun",4
1986,"pronunciation",4
1987,"prosper",4
1988,"prosperity",4
1989,"prosperous",4
1990,"protein",4
1991,"protest",4
1992,"proverb",4
1993,"psychological",4
1994,"psychologist",4
1995,"psychology",4
1996,"publication",4
1997,"publicity",4
1998,"publish",4
1999,"publisher",4
2000,"pursuit",4
2001,"quake",4
2002,"quilt",4
2003,"quotation",4
2004,"rage",4
2005,"rainfall",4
2006,"realistic",4
2007,"rebel",4
2008,"recall",4
2009,"reception",4
2010,"recipe",4
2011,"recite",4
2012,"recognition",4
2013,"recovery",4
2014,"recreation",4
2015,"recycle",4
2016,"reduction",4
2017,"refer",4
2018,"reference",4
2019,"reflect",4
2020,"reflection",4
2021,"reform",4
2022,"refresh",4
2023,"refugee",4
2024,"refusal",4
2025,"regarding",4
2026,"register",4
2027,"registration",4
2028,"regulate",4
2029,"regulation",4
2030,"rejection",4
2031,"relative",4
2032,"relaxation",4
2033,"relieve",4
2034,"reluctant",4
2035,"remark",4
2036,"remarkable",4
2037,"remedy",4
2038,"repetition",4
2039,"representation",4
2040,"reputation",4
2041,"rescue",4
2042,"research",4
2043,"researcher",4
2044,"resemble",4
2045,"reservation",4
2046,"resign",4
2047,"resignation",4
2048,"resistance",4
2049,"resolution",4
2050,"resolve",4
2051,"respectable",4
2052,"respectful",4
2053,"restore",4
2054,"restriction",4
2055,"retain",4
2056,"retire",4
2057,"retirement",4
2058,"retreat",4
2059,"reunion",4
2060,"revenge",4
2061,"revise",4
2062,"revision",4
2063,"revolution",4
2064,"revolutionary",4
2065,"reward",4
2066,"rhyme",4
2067,"rhythm",4
2068,"romance",4
2069,"roughly",4
2070,"route",4
2071,"ruin",4
2072,"rural",4
2073,"sacrifice",4
2074,"salary",4
2075,"salesperson",4
2076,"salesman",4
2077,"saleswoman",4
2078,"satellite",4
2079,"satisfaction",4
2080,"scarcely",4
2081,"scenery",4
2082,"scold",4
2083,"scratch",4
2084,"screwdriver",4
2085,"sculpture",4
2086,"seagull",4
2087,"gull",4
2088,"senior",4
2089,"settler",4
2090,"severe",4
2091,"shameful",4
2092,"shaver",4
2093,"shelter",4
2094,"shift",4
2095,"shortsighted",4
2096,"shrug",4
2097,"shuttle",4
2098,"sightseeing",4
2099,"signature",4
2100,"significance",4
2101,"sincerity",4
2102,"singular",4
2103,"site",4
2104,"sketch",4
2105,"sledge",4
2106,"sled",4
2107,"sleigh",4
2108,"slight",4
2109,"slogan",4
2110,"smog",4
2111,"sneeze",4
2112,"sob",4
2113,"socket",4
2114,"software",4
2115,"solar",4
2116,"sophomore",4
2117,"sorrowful",4
2118,"souvenir",4
2119,"spare",4
2120,"spark",4
2121,"sparkle",4
2122,"sparrow",4
2123,"spear",4
2124,"species",4
2125,"spicy",4
2126,"spiritual",4
2127,"splendid",4
2128,"split",4
2129,"sportsman",4
2130,"sportsmanship",4
2131,"status",4
2132,"stem",4
2133,"stingy",4
2134,"strengthen",4
2135,"strive",4
2136,"stroke",4
2137,"submarine",4
2138,"suggestion",4
2139,"summarize",4
2140,"surf",4
2141,"surgeon",4
2142,"surgery",4
2143,"surrender",4
2144,"surroundings",4
2145,"suspicious",4
2146,"sway",4
2147,"syllable",4
2148,"sympathetic",4
2149,"sympathy",4
2150,"symphony",4
2151,"syrup",4
2152,"systematic",4
2153,"tap",4
2154,"technician",4
2155,"technological",4
2156,"telegram",4
2157,"telegraph",4
2158,"telescope",4
2159,"tendency",4
2160,"tense",4
2161,"tension",4
2162,"terrify",4
2163,"terror",4
2164,"theme",4
2165,"thorough",4
2166,"thoughtful",4
2167,"timid",4
2168,"tiresome",4
2169,"tolerable",4
2170,"tolerance",4
2171,"tolerate",4
2172,"tolerant",4
2173,"tomb",4
2174,"tough",4
2175,"tragedy",4
2176,"tragic",4
2177,"transfer",4
2178,"transform",4
2179,"translate",4
2180,"translation",4
2181,"translator",4
2182,"transportation",4
2183,"tremendous",4
2184,"tribal",4
2185,"triumph",4
2186,"troublesome",4
2187,"tug-of-war",4
2188,"twinkle",4
2189,"typist",4
2190,"underpass",4
2191,"unique",4
2192,"universal",4
2193,"university",4
2194,"upload",4
2195,"urban",4
2196,"urge",4
2197,"urgent",4
2198,"usage",4
2199,"vain",4
2200,"vast",4
2201,"vegetarian",4
2202,"verb",4
2203,"very",4
2204,"vessel",4
2205,"vinegar",4
2206,"violate",4
2207,"violation",4
2208,"virgin",4
2209,"virtue",4
2210,"virus",4
2211,"visual",4
2212,"vital",4
2213,"volcano",4
2214,"voluntary",4
2215,"volunteer",4
2216,"vowel",4
2217,"voyage",4
2218,"walnut",4
2219,"website",4
2220,"weekly",4
2221,"welfare",4
2222,"wit",4
2223,"witch",4
2224,"wizard",4
2225,"withdraw",4
2226,"witness",4
2227,"wreck",4
2228,"wrinkle",4
2229,"yearly",4
2230,"yogurt",4
2231,"youthful",4
2232,"abide",5
2233,"abolish",5
2234,"abortion",5
2235,"abrupt",5
2236,"absurd",5
2237,"abundant",5
2238,"academy",5
2239,"accustom",5
2240,"ace",5
2241,"acknowledge",5
2242,"acknowledgement",5
2243,"acne",5
2244,"admiral",5
2245,"adolescence",5
2246,"adolescent",5
2247,"adore",5
2248,"adulthood",5
2249,"advertiser",5
2250,"affection",5
2251,"agenda",5
2252,"agony",5
2253,"agricultural",5
2254,"ai",5
2255,"artificial intelligence",5
2256,"airtight",5
2257,"airway",5
2258,"aisle",5
2259,"algebra",5
2260,"alien",5
2261,"allergic",5
2262,"allergy",5
2263,"alligator",5
2264,"ally",5
2265,"alter",5
2266,"alternate",5
2267,"altitude",5
2268,"ample",5
2269,"anchor",5
2270,"anthem",5
2271,"antique",5
2272,"applaud",5
2273,"applause",5
2274,"apt",5
2275,"architect",5
2276,"architecture",5
2277,"arena",5
2278,"armor",5
2279,"ascend",5
2280,"ass",5
2281,"assault",5
2282,"asset",5
2283,"astonish",5
2284,"astonishment",5
2285,"astray",5
2286,"astronaut",5
2287,"astronomer",5
2288,"astronomy",5
2289,"attendance",5
2290,"auditorium",5
2291,"auxiliary",5
2292,"awe",5
2293,"awhile",5
2294,"bachelor",5
2295,"backbone",5
2296,"badge",5
2297,"ballot",5
2298,"ban",5
2299,"bandit",5
2300,"banner",5
2301,"banquet",5
2302,"barbarian",5
2303,"barbershop",5
2304,"barefoot",5
2305,"barren",5
2306,"bass",5
2307,"batch",5
2308,"batter",5
2309,"bazaar",5
2310,"beautify",5
2311,"beforehand",5
2312,"behalf",5
2313,"belongings",5
2314,"beloved",5
2315,"beneficial",5
2316,"beware",5
2317,"bid",5
2318,"blacksmith",5
2319,"blast",5
2320,"blaze",5
2321,"bleach",5
2322,"blizzard",5
2323,"blond",5
2324,"blonde",5
2325,"blot",5
2326,"stain",5
2327,"blues",5
2328,"blur",5
2329,"bodily",5
2330,"bodyguard",5
2331,"bog",5
2332,"bolt",5
2333,"bonus",5
2334,"boom",5
2335,"booth",5
2336,"boredom",5
2337,"bosom",5
2338,"botany",5
2339,"boulevard",5
2340,"bound",5
2341,"boundary",5
2342,"bowel",5
2343,"boxer",5
2344,"boxing",5
2345,"boyhood",5
2346,"brace",5
2347,"braid",5
2348,"breadth",5
2349,"bribe",5
2350,"briefcase",5
2351,"broaden",5
2352,"bronze",5
2353,"brooch",5
2354,"brood",5
2355,"broth",5
2356,"brotherhood",5
2357,"browse",5
2358,"bruise",5
2359,"bulge",5
2360,"bulk",5
2361,"bully",5
2362,"bureau",5
2363,"butcher",5
2364,"cactus",5
2365,"calf",5
2366,"calligraphy",5
2367,"canal",5
2368,"cannon",5
2369,"carbon",5
2370,"cardboard",5
2371,"carefree",5
2372,"caretaker",5
2373,"carnation",5
2374,"carnival",5
2375,"carp",5
2376,"carton",5
2377,"category",5
2378,"cathedral",5
2379,"caution",5
2380,"cautious",5
2381,"celebrity",5
2382,"celery",5
2383,"cellar",5
2384,"cell-phone",5
2385,"cellphone",5
2386,"cellular",5
2387,"phone",5
2388,"mobile phone",5
2389,"cello",5
2390,"celsius",5
2391,"centigrade",5
2392,"centigrade",5
2393,"ceremony",5
2394,"certificate",5
2395,"chairperson",5
2396,"chair",5
2397,"chairman",5
2398,"chairwoman",5
2399,"chant",5
2400,"chatter",5
2401,"checkbook",5
2402,"check-in",5
2403,"check-out",5
2404,"checkup",5
2405,"chef",5
2406,"chemist",5
2407,"chestnut",5
2408,"chili",5
2409,"chimpanzee",5
2410,"choir",5
2411,"chord",5
2412,"chubby",5
2413,"circuit",5
2414,"cite",5
2415,"civic",5
2416,"clam",5
2417,"clan",5
2418,"clasp",5
2419,"clause",5
2420,"cling",5
2421,"clockwise",5
2422,"clover",5
2423,"cluster",5
2424,"clutch",5
2425,"coastline",5
2426,"cocoon",5
2427,"coil",5
2428,"colleague",5
2429,"colonel",5
2430,"colonial",5
2431,"combat",5
2432,"comedian",5
2433,"comet",5
2434,"commentator",5
2435,"commission",5
2436,"commodity",5
2437,"commonplace",5
2438,"communism",5
2439,"communist",5
2440,"commute",5
2441,"commuter",5
2442,"compact",5
2443,"compass",5
2444,"compassion",5
2445,"compassionate",5
2446,"compel",5
2447,"compliment",5
2448,"compound",5
2449,"comprehend",5
2450,"comprehension",5
2451,"compromise",5
2452,"compute",5
2453,"computerize",5
2454,"comrade",5
2455,"conceal",5
2456,"conceive",5
2457,"condemn",5
2458,"conduct",5
2459,"confession",5
2460,"confront",5
2461,"consent",5
2462,"conserve",5
2463,"considerate",5
2464,"console",5
2465,"constitutional",5
2466,"contagious",5
2467,"contaminate",5
2468,"contemplate",5
2469,"contemporary",5
2470,"contempt",5
2471,"contend",5
2472,"continental",5
2473,"continuity",5
2474,"convert",5
2475,"convict",5
2476,"coral",5
2477,"corporation",5
2478,"copyright",5
2479,"correspondence",5
2480,"corridor",5
2481,"corrupt",5
2482,"counsel",5
2483,"counselor",5
2484,"cozy",5
2485,"counterclockwise",5
2486,"coupon",5
2487,"courtyard",5
2488,"cowardly",5
2489,"cracker",5
2490,"crater",5
2491,"creak",5
2492,"creek",5
2493,"crib",5
2494,"crocodile",5
2495,"crossing",5
2496,"crouch",5
2497,"crunch",5
2498,"crystal",5
2499,"cuisine",5
2500,"curb",5
2501,"currency",5
2502,"curriculum",5
2503,"curry",5
2504,"customs",5
2505,"dart",5
2506,"dazzle",5
2507,"decay",5
2508,"deceive",5
2509,"declaration",5
2510,"delegate",5
2511,"delegation",5
2512,"democrat",5
2513,"denial",5
2514,"descriptive",5
2515,"despair",5
2516,"despise",5
2517,"destination",5
2518,"destiny",5
2519,"destructive",5
2520,"devotion",5
2521,"devour",5
2522,"dialect",5
2523,"disbelief",5
2524,"discard",5
2525,"disciple",5
2526,"discriminate",5
2527,"dispense",5
2528,"dispose",5
2529,"distinction",5
2530,"distinctive",5
2531,"distress",5
2532,"document",5
2533,"doorstep",5
2534,"doorway",5
2535,"dormitory",5
2536,"dough",5
2537,"downward",5
2538,"downwards",5
2539,"drape",5
2540,"dreadful",5
2541,"dresser",5
2542,"dressing",5
2543,"driveway",5
2544,"duration",5
2545,"dusk",5
2546,"dwarf",5
2547,"dwell",5
2548,"dwelling",5
2549,"eclipse",5
2550,"eel",5
2551,"ego",5
2552,"elaborate",5
2553,"elevate",5
2554,"embrace",5
2555,"endeavor",5
2556,"enroll",5
2557,"enrollment",5
2558,"ensure/insure",5
2559,"enterprise",5
2560,"enthusiastic",5
2561,"entitle",5
2562,"equate",5
2563,"erect",5
2564,"erupt",5
2565,"escort",5
2566,"estate",5
2567,"esteem",5
2568,"eternal",5
2569,"ethic",5
2570,"ethics",5
2571,"evergreen",5
2572,"exaggeration",5
2573,"exceed",5
2574,"excel",5
2575,"exceptional",5
2576,"excess",5
2577,"exclaim",5
2578,"exclude",5
2579,"execute",5
2580,"executive",5
2581,"exile",5
2582,"extension",5
2583,"extensive",5
2584,"exterior",5
2585,"external",5
2586,"extinct",5
2587,"extraordinary",5
2588,"eyelash",5
2589,"eyelid",5
2590,"fabric",5
2591,"fad",5
2592,"fahrenheit",5
2593,"falter",5
2594,"fascinate",5
2595,"fatigue",5
2596,"federal",5
2597,"feeble",5
2598,"feminine",5
2599,"fertilizer",5
2600,"fiancé",5
2601,"fiancée",5
2602,"fiber",5
2603,"fiddle",5
2604,"filter",5
2605,"fin",5
2606,"fishery",5
2607,"flake",5
2608,"flap",5
2609,"flaw",5
2610,"flick",5
2611,"flip",5
2612,"flourish",5
2613,"fluency",5
2614,"foe",5
2615,"foil",5
2616,"folklore",5
2617,"forgetful",5
2618,"format",5
2619,"foul",5
2620,"fowl",5
2621,"fraction",5
2622,"framework",5
2623,"frantic",5
2624,"freight",5
2625,"frontier",5
2626,"fume",5
2627,"fury",5
2628,"fuse",5
2629,"fuss",5
2630,"gallop",5
2631,"garment",5
2632,"gasp",5
2633,"gathering",5
2634,"gay",5
2635,"gender",5
2636,"geographical",5
2637,"geometry",5
2638,"glacier",5
2639,"glare",5
2640,"gleam",5
2641,"glee",5
2642,"glitter",5
2643,"gloom",5
2644,"gnaw",5
2645,"gobble",5
2646,"gorge",5
2647,"gorgeous",5
2648,"gorilla",5
2649,"gospel",5
2650,"grant",5
2651,"gravity",5
2652,"graze",5
2653,"grease",5
2654,"greed",5
2655,"grim",5
2656,"grip",5
2657,"groan",5
2658,"gross",5
2659,"growl",5
2660,"grumble",5
2661,"guideline",5
2662,"gulp",5
2663,"gust",5
2664,"gut",5
2665,"gypsy",5
2666,"hail",5
2667,"hairstyle",5
2668,"hairdo",5
2669,"handicap",5
2670,"handicraft",5
2671,"hardy",5
2672,"harness",5
2673,"haul",5
2674,"haunt",5
2675,"hearty",5
2676,"heavenly",5
2677,"hedge",5
2678,"heed",5
2679,"heighten",5
2680,"heir",5
2681,"hence",5
2682,"herald",5
2683,"herb",5
2684,"hermit",5
2685,"heroic",5
2686,"heterosexual",5
2687,"hi-fi",5
2688,"high fidelity",5
2689,"hijack",5
2690,"hiss",5
2691,"hoarse",5
2692,"hockey",5
2693,"homosexual",5
2694,"honk",5
2695,"hood",5
2696,"hoof",5
2697,"horizontal",5
2698,"hostage",5
2699,"hostile",5
2700,"hound",5
2701,"housing",5
2702,"hover",5
2703,"howl",5
2704,"hurl",5
2705,"hymn",5
2706,"idiot",5
2707,"immense",5
2708,"imperial",5
2709,"impose",5
2710,"impulse",5
2711,"incense",5
2712,"index",5
2713,"indifference",5
2714,"indifferent",5
2715,"indignant",5
2716,"indispensable",5
2717,"induce",5
2718,"indulge",5
2719,"infinite",5
2720,"inherit",5
2721,"initiate",5
2722,"inland",5
2723,"innumerable",5
2724,"inquire",5
2725,"institute",5
2726,"insure",5
2727,"intent",5
2728,"interference",5
2729,"interior",5
2730,"interpretation",5
2731,"interpreter",5
2732,"intuition",5
2733,"inward",5
2734,"inwards",5
2735,"isle",5
2736,"issue",5
2737,"ivy",5
2738,"jack",5
2739,"jade",5
2740,"janitor",5
2741,"jasmine",5
2742,"jaywalk",5
2743,"jeer",5
2744,"jingle",5
2745,"jolly",5
2746,"journalism",5
2747,"journalist",5
2748,"jug",5
2749,"jury",5
2750,"justify",5
2751,"juvenile",5
2752,"kin",5
2753,"kindle",5
2754,"knowledgeable",5
2755,"lad",5
2756,"lame",5
2757,"landlady",5
2758,"landlord",5
2759,"laser",5
2760,"latitude",5
2761,"lawmaker",5
2762,"layer",5
2763,"league",5
2764,"legislation",5
2765,"lessen",5
2766,"lest",5
2767,"lieutenant",5
2768,"lifelong",5
2769,"likelihood",5
2770,"lime",5
2771,"limp",5
2772,"linger",5
2773,"livestock",5
2774,"lizard",5
2775,"locomotive",5
2776,"locust",5
2777,"lodge",5
2778,"lofty",5
2779,"logo",5
2780,"lonesome",5
2781,"longitude",5
2782,"lottery",5
2783,"lotus",5
2784,"lumber",5
2785,"lump",5
2786,"magnify",5
2787,"maiden",5
2788,"mainland",5
2789,"mainstream",5
2790,"maintenance",5
2791,"majestic",5
2792,"majesty",5
2793,"mammal",5
2794,"manifest",5
2795,"mansion",5
2796,"maple",5
2797,"marginal",5
2798,"marine",5
2799,"marshal",5
2800,"martial",5
2801,"marvel",5
2802,"masculine",5
2803,"mash",5
2804,"massage",5
2805,"massive",5
2806,"masterpiece",5
2807,"mayonnaise",5
2808,"meantime",5
2809,"mechanics",5
2810,"mediate",5
2811,"menace",5
2812,"mermaid",5
2813,"midst",5
2814,"migrant",5
2815,"mileage",5
2816,"milestone",5
2817,"mingle",5
2818,"minimal",5
2819,"mint",5
2820,"miser",5
2821,"mistress",5
2822,"moan",5
2823,"mock",5
2824,"mode",5
2825,"modernize",5
2826,"modify",5
2827,"mold",5
2828,"molecule",5
2829,"monarch",5
2830,"monstrous",5
2831,"mortal",5
2832,"moss",5
2833,"motherhood",5
2834,"motive",5
2835,"mound",5
2836,"mount",5
2837,"mourn",5
2838,"mower",5
2839,"mumble",5
2840,"muscular",5
2841,"muse",5
2842,"mustard",5
2843,"mutter",5
2844,"mutton",5
2845,"myth",5
2846,"nag",5
2847,"naive",5
2848,"nasty",5
2849,"navigate",5
2850,"newscast",5
2851,"nibble",5
2852,"nickel",5
2853,"nightingale",5
2854,"nominate",5
2855,"nonetheless",5
2856,"nonviolent",5
2857,"nostril",5
2858,"notable",5
2859,"noticeable",5
2860,"notify",5
2861,"notion",5
2862,"novice",5
2863,"nowhere",5
2864,"nucleus",5
2865,"nude",5
2866,"oar",5
2867,"oasis",5
2868,"oath",5
2869,"oatmeal",5
2870,"oblong",5
2871,"observer",5
2872,"obstinate",5
2873,"occurrence",5
2874,"octopus",5
2875,"odds",5
2876,"odor",5
2877,"olive",5
2878,"opponent",5
2879,"optimism",5
2880,"orchard",5
2881,"organizer",5
2882,"orient",5
2883,"oriental",5
2884,"ornament",5
2885,"orphanage",5
2886,"ostrich",5
2887,"ounce",5
2888,"outdo",5
2889,"outgoing",5
2890,"output",5
2891,"outsider",5
2892,"outskirts",5
2893,"outward",5
2894,"outwards",5
2895,"overall",5
2896,"overdo",5
2897,"overeat",5
2898,"overflow",5
2899,"overhear",5
2900,"oversleep",5
2901,"overwhelm",5
2902,"overwork",5
2903,"oyster",5
2904,"ozone",5
2905,"pacific",5
2906,"packet",5
2907,"paddle",5
2908,"paradox",5
2909,"pane",5
2910,"parallel",5
2911,"parlor",5
2912,"participant",5
2913,"particle",5
2914,"partly",5
2915,"passionate",5
2916,"pastime",5
2917,"pastry",5
2918,"patch",5
2919,"patent",5
2920,"patriot",5
2921,"patrol",5
2922,"patron",5
2923,"peacock",5
2924,"peasant",5
2925,"peck",5
2926,"peddler",5
2927,"peek",5
2928,"peg",5
2929,"penetrate",5
2930,"perceive",5
2931,"perch",5
2932,"performer",5
2933,"peril",5
2934,"perish",5
2935,"permissible",5
2936,"persist",5
2937,"personnel",5
2938,"pessimism",5
2939,"pier",5
2940,"pilgrim",5
2941,"pillar",5
2942,"pimple",5
2943,"pinch",5
2944,"piss",5
2945,"pistol",5
2946,"plague",5
2947,"plantation",5
2948,"playwright",5
2949,"plea",5
2950,"plead",5
2951,"pledge",5
2952,"plow",5
2953,"pluck",5
2954,"plunge",5
2955,"pocketbook",5
2956,"poetic",5
2957,"poke",5
2958,"poultry",5
2959,"polar",5
2960,"porch",5
2961,"potential",5
2962,"prairie",5
2963,"preach",5
2964,"precaution",5
2965,"preference",5
2966,"prehistoric",5
2967,"prevail",5
2968,"preview",5
2969,"prey",5
2970,"priceless",5
2971,"prick",5
2972,"prior",5
2973,"priority",5
2974,"procession",5
2975,"profile",5
2976,"prolong",5
2977,"prop",5
2978,"prophet",5
2979,"proportion",5
2980,"prospect",5
2981,"province",5
2982,"prune",5
2983,"publicize",5
2984,"puff",5
2985,"pulse",5
2986,"purchase",5
2987,"pyramid",5
2988,"quack",5
2989,"qualify",5
2990,"quart",5
2991,"quest",5
2992,"quiver",5
2993,"rack",5
2994,"radish",5
2995,"radius",5
2996,"ragged",5
2997,"rail",5
2998,"rally",5
2999,"ranch",5
3000,"rascal",5
3001,"ratio",5
3002,"rattle",5
3003,"realm",5
3004,"reap",5
3005,"rear",5
3006,"reckless",5
3007,"reckon",5
3008,"recommend",5
3009,"reef",5
3010,"reel",5
3011,"referee",5
3012,"umpire",5
3013,"refuge",5
3014,"sanctuary",5
3015,"refute",5
3016,"reign",5
3017,"rejoice",5
3018,"relic",5
3019,"reminder",5
3020,"repay",5
3021,"reproduce",5
3022,"reptile",5
3023,"republican",5
3024,"resent",5
3025,"resentment",5
3026,"reside",5
3027,"residence",5
3028,"resident",5
3029,"resort",5
3030,"restrain",5
3031,"resume",5
3032,"retort",5
3033,"reverse",5
3034,"revive",5
3035,"revolt",5
3036,"revolve",5
3037,"rhinoceros",5
3038,"rhino",5
3039,"rib",5
3040,"ridge",5
3041,"ridiculous",5
3042,"rifle",5
3043,"rigid",5
3044,"rim",5
3045,"rip",5
3046,"ripple",5
3047,"rival",5
3048,"roam",5
3049,"robin",5
3050,"robust",5
3051,"rod",5
3052,"rubbish",5
3053,"rugged",5
3054,"rumble",5
3055,"rustle",5
3056,"sacred",5
3057,"saddle",5
3058,"saint",5
3059,"salmon",5
3060,"salute",5
3061,"sandal",5
3062,"savage",5
3063,"scan",5
3064,"scandal",5
3065,"scar",5
3066,"scent",5
3067,"scheme",5
3068,"scorn",5
3069,"scramble",5
3070,"scrap",5
3071,"scrape",5
3072,"scroll",5
3073,"sculptor",5
3074,"secure",5
3075,"segment",5
3076,"sensation",5
3077,"sensitivity",5
3078,"sentiment",5
3079,"sergeant",5
3080,"series",5
3081,"sermon",5
3082,"server",5
3083,"setting",5
3084,"shabby",5
3085,"sharpen",5
3086,"shatter",5
3087,"sheriff",5
3088,"shield",5
3089,"shiver",5
3090,"shortage",5
3091,"shortcoming",5
3092,"shove",5
3093,"shred",5
3094,"shriek",5
3095,"shrine",5
3096,"shrub",5
3097,"shudder",5
3098,"shutter",5
3099,"silkworm",5
3100,"simmer",5
3101,"skeleton",5
3102,"skull",5
3103,"slam",5
3104,"slap",5
3105,"slaughter",5
3106,"slay",5
3107,"sloppy",5
3108,"slump",5
3109,"sly",5
3110,"smash",5
3111,"snarl",5
3112,"snatch",5
3113,"sneak",5
3114,"sneaker",5
3115,"sniff",5
3116,"snore",5
3117,"snort",5
3118,"soak",5
3119,"sober",5
3120,"soften",5
3121,"sole",5
3122,"solemn",5
3123,"solitary",5
3124,"solo",5
3125,"sovereign",5
3126,"sow",5
3127,"spacecraft",5
3128,"spaceship",5
3129,"specialist",5
3130,"specimen",5
3131,"spectacle",5
3132,"spectator",5
3133,"spine",5
3134,"splendor",5
3135,"sponge",5
3136,"spotlight",5
3137,"sprint",5
3138,"spur",5
3139,"squash",5
3140,"squat",5
3141,"stack",5
3142,"stagger",5
3143,"stain",5
3144,"stake",5
3145,"stalk",5
3146,"stall",5
3147,"stanza",5
3148,"startle",5
3149,"statesman",5
3150,"statistic",5
3151,"statistics",5
3152,"statistical",5
3153,"steamer",5
3154,"steer",5
3155,"stereotype",5
3156,"stern",5
3157,"stew",5
3158,"steward",5
3159,"stewardess",5
3160,"attendant",5
3161,"stink",5
3162,"stock",5
3163,"stoop",5
3164,"storage",5
3165,"stout",5
3166,"straighten",5
3167,"straightforward",5
3168,"strain",5
3169,"strait",5
3170,"strand",5
3171,"strap",5
3172,"stray",5
3173,"streak",5
3174,"stride",5
3175,"stripe",5
3176,"stroll",5
3177,"structural",5
3178,"stumble",5
3179,"stump",5
3180,"stun",5
3181,"sturdy",5
3182,"stutter",5
3183,"stylish",5
3184,"submit",5
3185,"substantial",5
3186,"substitute",5
3187,"suitcase",5
3188,"sulfur",5
3189,"summon",5
3190,"superficial",5
3191,"superstition",5
3192,"supervise",5
3193,"supervisor",5
3194,"suppress",5
3195,"supreme",5
3196,"surge",5
3197,"suspend",5
3198,"sustain",5
3199,"swamp",5
3200,"swarm",5
3201,"sympathize",5
3202,"tackle",5
3203,"tan",5
3204,"tangle",5
3205,"tar",5
3206,"tart",5
3207,"taunt",5
3208,"tavern",5
3209,"teller",5
3210,"tempo",5
3211,"tempt",5
3212,"temptation",5
3213,"tenant",5
3214,"tentative",5
3215,"terminal",5
3216,"terrace",5
3217,"thigh",5
3218,"thorn",5
3219,"thrill",5
3220,"thriller",5
3221,"throne",5
3222,"throng",5
3223,"thrust",5
3224,"tick",5
3225,"tile",5
3226,"tilt",5
3227,"tin",5
3228,"tiptoe",5
3229,"toad",5
3230,"toil",5
3231,"token",5
3232,"torch",5
3233,"torment",5
3234,"torrent",5
3235,"torture",5
3236,"tournament",5
3237,"toxic",5
3238,"trademark",5
3239,"traitor",5
3240,"tramp",5
3241,"trample",5
3242,"transparent",5
3243,"treasury",5
3244,"treaty",5
3245,"trench",5
3246,"tribute",5
3247,"trifle",5
3248,"trim",5
3249,"triple",5
3250,"trot",5
3251,"trout",5
3252,"tuck",5
3253,"tuition",5
3254,"tuna",5
3255,"tyrant",5
3256,"umpire",5
3257,"undergraduate",5
3258,"underline",5
3259,"underneath",5
3260,"understandable",5
3261,"undoubtedly",5
3262,"update",5
3263,"upright",5
3264,"upward",5
3265,"upwards",5
3266,"utter",5
3267,"vacancy",5
3268,"vacuum",5
3269,"vague",5
3270,"vanity",5
3271,"vapor",5
3272,"vegetation",5
3273,"veil",5
3274,"vein",5
3275,"velvet",5
3276,"venture",5
3277,"verbal",5
3278,"versus",5
3279,"vertical",5
3280,"veto",5
3281,"via",5
3282,"vibrate",5
3283,"videotape",5
3284,"viewer",5
3285,"vigor",5
3286,"vigorous",5
3287,"villain",5
3288,"vine",5
3289,"violinist",5
3290,"visa",5
3291,"vow",5
3292,"wade",5
3293,"wail",5
3294,"ward",5
3295,"ware",5
3296,"warehouse",5
3297,"warrior",5
3298,"wary",5
3299,"weary",5
3300,"weird",5
3301,"wharf",5
3302,"wheelchair",5
3303,"whereabouts",5
3304,"whereas",5
3305,"whine",5
3306,"whirl",5
3307,"whisk",5
3308,"whiskey",5
3309,"whisky",5
3310,"wholesale",5
3311,"wholesome",5
3312,"widespread",5
3313,"widow",5
3314,"widower",5
3315,"wig",5
3316,"wilderness",5
3317,"wildlife",5
3318,"wither",5
3319,"woe",5
3320,"woodpecker",5
3321,"workshop",5
3322,"worship",5
3323,"worthwhile",5
3324,"worthy",5
3325,"wreath",5
3326,"wring",5
3327,"yacht",5
3328,"yarn",5
3329,"yeast",5
3330,"yield",5
3331,"yoga",5
3332,"zinc",5
3333,"zip",5
3334,"zip",5
3335,"zone improvement plan",5
3336,"zip code",5
3337,"zoom",5
3338,"abbreviate",6
3339,"abbreviation",6
3340,"abnormal",6
3341,"aboriginal",6
3342,"aborigine",6
3343,"abound",6
3344,"absentminded",6
3345,"abstraction",6
3346,"abundance",6
3347,"abuse",6
3348,"accelerate",6
3349,"acceleration",6
3350,"accessible",6
3351,"accessory",6
3352,"accommodate",6
3353,"accommodation",6
3354,"accord",6
3355,"accordance",6
3356,"accordingly",6
3357,"accountable",6
3358,"accounting",6
3359,"accumulate",6
3360,"accumulation",6
3361,"accusation",6
3362,"acquisition",6
3363,"activist",6
3364,"acute",6
3365,"adaptation",6
3366,"addict",6
3367,"addiction",6
3368,"administer",6
3369,"administrate",6
3370,"administration",6
3371,"administrative",6
3372,"administrator",6
3373,"advocate",6
3374,"affectionate",6
3375,"affirm",6
3376,"aggression",6
3377,"alcoholic",6
3378,"alienate",6
3379,"alliance",6
3380,"allocate",6
3381,"alongside",6
3382,"alternative",6
3383,"ambiguity",6
3384,"ambiguous",6
3385,"ambulance",6
3386,"ambush",6
3387,"amiable",6
3388,"amplify",6
3389,"analects",6
3390,"analogy",6
3391,"analyst",6
3392,"analytical",6
3393,"anecdote",6
3394,"animate",6
3395,"annoyance",6
3396,"anonymous",6
3397,"antarctic",6
3398,"antarctic",6
3399,"antenna",6
3400,"antibiotic",6
3401,"antibody",6
3402,"anticipate",6
3403,"anticipation",6
3404,"antonym",6
3405,"applicable",6
3406,"apprentice",6
3407,"approximate",6
3408,"aptitude",6
3409,"arctic",6
3410,"arctic",6
3411,"arrogant",6
3412,"artery",6
3413,"articulate",6
3414,"artifact",6
3415,"assassinate",6
3416,"assert",6
3417,"assess",6
3418,"assessment",6
3419,"assumption",6
3420,"asthma",6
3421,"asylum",6
3422,"attain",6
3423,"attainment",6
3424,"attendant",6
3425,"attic",6
3426,"auction",6
3427,"authentic",6
3428,"authorize",6
3429,"autograph",6
3430,"signature",6
3431,"autonomy",6
3432,"aviation",6
3433,"awesome",6
3434,"barometer",6
3435,"beckon",6
3436,"besiege",6
3437,"betray",6
3438,"beverage",6
3439,"bias",6
3440,"binoculars",6
3441,"biochemistry",6
3442,"biological",6
3443,"bizarre",6
3444,"bleak",6
3445,"blunder",6
3446,"blunt",6
3447,"bombard",6
3448,"bondage",6
3449,"boost",6
3450,"bout",6
3451,"boycott",6
3452,"breakdown",6
3453,"breakthrough",6
3454,"breakup",6
3455,"brew",6
3456,"brink",6
3457,"brisk",6
3458,"brochure",6
3459,"brute",6
3460,"buckle",6
3461,"bulky",6
3462,"bureaucracy",6
3463,"burial",6
3464,"byte",6
3465,"caffeine",6
3466,"calcium",6
3467,"canvas",6
3468,"capability",6
3469,"capsule",6
3470,"caption",6
3471,"captive",6
3472,"captivity",6
3473,"carbohydrate",6
3474,"caress",6
3475,"carol",6
3476,"cashier",6
3477,"casualty",6
3478,"catastrophe",6
3479,"cater",6
3480,"cavalry",6
3481,"cavity",6
3482,"cemetery",6
3483,"certainty",6
3484,"certify",6
3485,"champagne",6
3486,"chaos",6
3487,"characterize",6
3488,"charcoal",6
3489,"chariot",6
3490,"charitable",6
3491,"cholesterol",6
3492,"chronic",6
3493,"chuckle",6
3494,"chunk",6
3495,"civilize",6
3496,"clamp",6
3497,"clarity",6
3498,"cleanse",6
3499,"clearance",6
3500,"clench",6
3501,"clinical",6
3502,"clone",6
3503,"closure",6
3504,"coffin",6
3505,"coherent",6
3506,"coincide",6
3507,"coincidence",6
3508,"collective",6
3509,"collector",6
3510,"collide",6
3511,"collision",6
3512,"colloquial",6
3513,"columnist",6
3514,"commemorate",6
3515,"commence",6
3516,"commentary",6
3517,"commitment",6
3518,"communicative",6
3519,"companionship",6
3520,"comparable",6
3521,"comparative",6
3522,"compatible",6
3523,"compensate",6
3524,"compensation",6
3525,"competence",6
3526,"competent",6
3527,"compile",6
3528,"complement",6
3529,"complexion",6
3530,"complexity",6
3531,"complication",6
3532,"component",6
3533,"comprehensive",6
3534,"comprise",6
3535,"concede",6
3536,"conceit",6
3537,"conception",6
3538,"concession",6
3539,"concise",6
3540,"condense",6
3541,"confer",6
3542,"confidential",6
3543,"conform",6
3544,"confrontation",6
3545,"congressman",6
3546,"congresswoman",6
3547,"conquest",6
3548,"conscientious",6
3549,"consensus",6
3550,"conservation",6
3551,"consolation",6
3552,"conspiracy",6
3553,"constituent",6
3554,"consultation",6
3555,"consumption",6
3556,"contemplation",6
3557,"contestant",6
3558,"contractor",6
3559,"contradict",6
3560,"contradiction",6
3561,"controversial",6
3562,"controversy",6
3563,"conviction",6
3564,"coordinate",6
3565,"cordial",6
3566,"core",6
3567,"corporate",6
3568,"corps",6
3569,"corpse",6
3570,"correspondent",6
3571,"corruption",6
3572,"cosmetic",6
3573,"cosmetics",6
3574,"cosmopolitan",6
3575,"counterpart",6
3576,"coverage",6
3577,"covet",6
3578,"cramp",6
3579,"credibility",6
3580,"credible",6
3581,"criterion",6
3582,"crook",6
3583,"crooked",6
3584,"crucial",6
3585,"crude",6
3586,"cruise",6
3587,"cruiser",6
3588,"crumb",6
3589,"crumble",6
3590,"crust",6
3591,"cultivate",6
3592,"cumulative",6
3593,"customary",6
3594,"daffodil",6
3595,"dandruff",6
3596,"daybreak",6
3597,"deadly",6
3598,"decent",6
3599,"decisive",6
3600,"decline",6
3601,"dedicate",6
3602,"dedication",6
3603,"deem",6
3604,"defect",6
3605,"deficiency",6
3606,"degrade",6
3607,"deliberate",6
3608,"delinquent",6
3609,"denounce",6
3610,"density",6
3611,"dental",6
3612,"depict",6
3613,"deprive",6
3614,"deputy",6
3615,"derive",6
3616,"descend",6
3617,"descendant",6
3618,"descent",6
3619,"designate",6
3620,"destined",6
3621,"detach",6
3622,"detain",6
3623,"deter",6
3624,"detergent",6
3625,"deteriorate",6
3626,"devalue",6
3627,"diabetes",6
3628,"diagnose",6
3629,"diagnosis",6
3630,"diagram",6
3631,"diameter",6
3632,"dictate",6
3633,"dictation",6
3634,"dictator",6
3635,"differentiate",6
3636,"dilemma",6
3637,"dimension",6
3638,"diminish",6
3639,"diplomacy",6
3640,"diplomatic",6
3641,"directory",6
3642,"disability",6
3643,"disable",6
3644,"disapprove",6
3645,"disastrous",6
3646,"discharge",6
3647,"disciplinary",6
3648,"disclose",6
3649,"disclosure",6
3650,"discomfort",6
3651,"discreet",6
3652,"discrimination",6
3653,"disgrace",6
3654,"disgraceful",6
3655,"dismantle",6
3656,"dismay",6
3657,"dispatch",6
3658,"dispensable",6
3659,"disperse",6
3660,"displace",6
3661,"displease",6
3662,"disposable",6
3663,"disposal",6
3664,"disregard",6
3665,"dissident",6
3666,"dissolve",6
3667,"dissuade",6
3668,"distort",6
3669,"distract",6
3670,"distraction",6
3671,"distrust",6
3672,"disturbance",6
3673,"diverse",6
3674,"diversify",6
3675,"diversion",6
3676,"diversity",6
3677,"divert",6
3678,"doctrine",6
3679,"documentary",6
3680,"dome",6
3681,"donate",6
3682,"donation",6
3683,"donor",6
3684,"doom",6
3685,"dosage",6
3686,"drastic",6
3687,"drawback",6
3688,"dreary",6
3689,"drizzle",6
3690,"drought",6
3691,"dual",6
3692,"dubious",6
3693,"dynamite",6
3694,"ebb",6
3695,"eccentric",6
3696,"ecology",6
3697,"ecstasy",6
3698,"edible",6
3699,"editorial",6
3700,"electron",6
3701,"eligible",6
3702,"elite",6
3703,"eloquence",6
3704,"eloquent",6
3705,"embark",6
3706,"emigrant",6
3707,"emigrate",6
3708,"emigration",6
3709,"emphatic",6
3710,"enact",6
3711,"enactment",6
3712,"enclosure",6
3713,"encyclopedia",6
3714,"endurance",6
3715,"enhance",6
3716,"enhancement",6
3717,"enlighten",6
3718,"enlightenment",6
3719,"enrich",6
3720,"enrichment",6
3721,"epidemic",6
3722,"episode",6
3723,"eq",6
3724,"emotional quotient",6
3725,"emotional intelligence",6
3726,"equation",6
3727,"equivalent",6
3728,"erode",6
3729,"eruption",6
3730,"escalate",6
3731,"essence",6
3732,"eternity",6
3733,"ethical",6
3734,"ethnic",6
3735,"evacuate",6
3736,"evolution",6
3737,"evolve",6
3738,"excerpt",6
3739,"excessive",6
3740,"exclusive",6
3741,"execution",6
3742,"exert",6
3743,"exotic",6
3744,"expedition",6
3745,"expel",6
3746,"expertise",6
3747,"expiration",6
3748,"expire",6
3749,"explicit",6
3750,"exploit",6
3751,"exploration",6
3752,"exquisite",6
3753,"extract",6
3754,"extracurricular",6
3755,"eyesight",6
3756,"fabulous",6
3757,"facilitate",6
3758,"faction",6
3759,"faculty",6
3760,"familiarity",6
3761,"famine",6
3762,"fascination",6
3763,"feasible",6
3764,"federation",6
3765,"feedback",6
3766,"fertility",6
3767,"fidelity",6
3768,"finite",6
3769,"fireproof",6
3770,"flare",6
3771,"fleet",6
3772,"flicker",6
3773,"fling",6
3774,"fluid",6
3775,"flutter",6
3776,"foresee",6
3777,"formidable",6
3778,"formulate",6
3779,"forsake",6
3780,"forthcoming",6
3781,"fortify",6
3782,"foster",6
3783,"fracture",6
3784,"fragile",6
3785,"fragment",6
3786,"frail",6
3787,"fraud",6
3788,"freak",6
3789,"fret",6
3790,"friction",6
3791,"galaxy",6
3792,"generalize",6
3793,"generate",6
3794,"generator",6
3795,"genetic",6
3796,"genetics",6
3797,"glamour",6
3798,"glassware",6
3799,"glisten",6
3800,"gloomy",6
3801,"gmo",6
3802,"genetically modified organism",6
3803,"graph",6
3804,"graphic",6
3805,"grill",6
3806,"grocer",6
3807,"grope",6
3808,"guerrilla",6
3809,"habitat",6
3810,"hack",6
3811,"hacker",6
3812,"hail",6
3813,"harass",6
3814,"harassment",6
3815,"hazard",6
3816,"hemisphere",6
3817,"hereafter",6
3818,"heritage",6
3819,"heroin",6
3820,"highlight",6
3821,"honorary",6
3822,"hormone",6
3823,"hospitable",6
3824,"hospitality",6
3825,"hospitalize",6
3826,"hostility",6
3827,"humanitarian",6
3828,"humiliate",6
3829,"hunch",6
3830,"hurdle",6
3831,"hygiene",6
3832,"hypocrisy",6
3833,"hypocrite",6
3834,"hysterical",6
3835,"illuminate",6
3836,"illusion",6
3837,"immune",6
3838,"imperative",6
3839,"implement",6
3840,"implication",6
3841,"implicit",6
3842,"imposing",6
3843,"imprison",6
3844,"imprisonment",6
3845,"incentive",6
3846,"incidental",6
3847,"incline",6
3848,"inclusive",6
3849,"indignation",6
3850,"inevitable",6
3851,"infectious",6
3852,"infer",6
3853,"inference",6
3854,"ingenious",6
3855,"ingenuity",6
3856,"inhabit",6
3857,"inhabitant",6
3858,"inherent",6
3859,"initiative",6
3860,"inject",6
3861,"injection",6
3862,"injustice",6
3863,"innovation",6
3864,"innovative",6
3865,"inquiry",6
3866,"insight",6
3867,"insistence",6
3868,"installation",6
3869,"installment",6
3870,"institution",6
3871,"intact",6
3872,"integrate",6
3873,"integration",6
3874,"integrity",6
3875,"intellect",6
3876,"intersection",6
3877,"interval",6
3878,"intervene",6
3879,"intervention",6
3880,"intimacy",6
3881,"intimidate",6
3882,"intrude",6
3883,"intruder",6
3884,"invaluable",6
3885,"inventory",6
3886,"investigator",6
3887,"iq",6
3888,"intelligence quotient",6
3889,"ironic",6
3890,"irony",6
3891,"irritable",6
3892,"irritate",6
3893,"irritation",6
3894,"joyous",6
3895,"kernel",6
3896,"kidnap",6
3897,"lament",6
3898,"lava",6
3899,"layman",6
3900,"layout",6
3901,"lcd",6
3902,"liquid crystal display legendary",6
3903,"legislative",6
3904,"legislator",6
3905,"legislature",6
3906,"legitimate",6
3907,"lengthy",6
3908,"liable",6
3909,"liberate",6
3910,"liberation",6
3911,"likewise",6
3912,"limousine",6
3913,"limo",6
3914,"liner",6
3915,"linguist",6
3916,"liter",6
3917,"literacy",6
3918,"literal",6
3919,"literate",6
3920,"longevity",6
3921,"lounge",6
3922,"lunatic",6
3923,"lure",6
3924,"lush",6
3925,"lyric",6
3926,"magnitude",6
3927,"malaria",6
3928,"manipulate",6
3929,"manuscript",6
3930,"mar",6
3931,"massacre",6
3932,"mastery",6
3933,"material",6
3934,"materialism",6
3935,"mattress",6
3936,"mechanism",6
3937,"medication",6
3938,"medieval",6
3939,"meditate",6
3940,"meditation",6
3941,"melancholy",6
3942,"mellow",6
3943,"mentality",6
3944,"merchandise",6
3945,"merge",6
3946,"metaphor",6
3947,"metropolitan",6
3948,"migrate",6
3949,"migration",6
3950,"militant",6
3951,"miller",6
3952,"mimic",6
3953,"miniature",6
3954,"minimize",6
3955,"miraculous",6
3956,"mischievous",6
3957,"missionary",6
3958,"mobilize",6
3959,"modernization",6
3960,"mold",6
3961,"momentum",6
3962,"monopoly",6
3963,"monotonous",6
3964,"monotony",6
3965,"morale",6
3966,"morality",6
3967,"motto",6
3968,"mournful",6
3969,"mouthpiece",6
3970,"spokesperson",6
3971,"spokesman",6
3972,"spokeswoman",6
3973,"municipal",6
3974,"mute",6
3975,"mythology",6
3976,"narrate",6
3977,"narrative",6
3978,"narrator",6
3979,"nationalism",6
3980,"naturalist",6
3981,"naval",6
3982,"navel",6
3983,"navigation",6
3984,"negotiation",6
3985,"neon",6
3986,"neutral",6
3987,"newlywed",6
3988,"newscaster",6
3989,"anchorman",6
3990,"anchorwoman",6
3991,"anchor",6
3992,"nomination",6
3993,"nominee",6
3994,"norm",6
3995,"notorious",6
3996,"nourish",6
3997,"nourishment",6
3998,"nuisance",6
3999,"nurture",6
4000,"nutrient",6
4001,"nutrition",6
4002,"nutritious",6
4003,"obligation",6
4004,"oblige",6
4005,"obscure",6
4006,"offering",6
4007,"offspring",6
4008,"operational",6
4009,"opposition",6
4010,"oppress",6
4011,"oppression",6
4012,"option",6
4013,"optional",6
4014,"ordeal",6
4015,"orderly",6
4016,"organism",6
4017,"originality",6
4018,"originate",6
4019,"outbreak",6
4020,"outfit",6
4021,"outing",6
4022,"outlaw",6
4023,"outlet",6
4024,"outlook",6
4025,"outnumber",6
4026,"outrage",6
4027,"outrageous",6
4028,"outright",6
4029,"outset",6
4030,"overhead",6
4031,"overlap",6
4032,"overturn",6
4033,"pact",6
4034,"pamphlet",6
4035,"paralyze",6
4036,"parliament",6
4037,"pathetic",6
4038,"patriotic",6
4039,"pda",6
4040,"personal digital assistant",6
4041,"peddle",6
4042,"pedestrian",6
4043,"peninsula",6
4044,"pension",6
4045,"perception",6
4046,"perseverance",6
4047,"persevere",6
4048,"persistence",6
4049,"persistent",6
4050,"perspective",6
4051,"pesticide",6
4052,"petroleum",6
4053,"petty",6
4054,"pharmacist",6
4055,"pharmacy",6
4056,"phase",6
4057,"photographic",6
4058,"picturesque",6
4059,"pierce",6
4060,"piety",6
4061,"pious",6
4062,"pipeline",6
4063,"pitcher",6
4064,"plight",6
4065,"pneumonia",6
4066,"poach",6
4067,"poacher",6
4068,"pollutant",6
4069,"ponder",6
4070,"populate",6
4071,"posture",6
4072,"precede",6
4073,"precedent",6
4074,"precision",6
4075,"predecessor",6
4076,"prediction",6
4077,"preface",6
4078,"prejudice",6
4079,"preliminary",6
4080,"premature",6
4081,"premier",6
4082,"prescribe",6
4083,"prescription",6
4084,"preside",6
4085,"presidency",6
4086,"presidential",6
4087,"prestige",6
4088,"presume",6
4089,"preventive",6
4090,"productivity",6
4091,"proficiency",6
4092,"profound",6
4093,"progressive",6
4094,"prohibit",6
4095,"prohibition",6
4096,"projection",6
4097,"prone",6
4098,"propaganda",6
4099,"propel",6
4100,"propeller",6
4101,"prose",6
4102,"prosecute",6
4103,"prosecution",6
4104,"prospective",6
4105,"provincial",6
4106,"provoke",6
4107,"prowl",6
4108,"punctual",6
4109,"purify",6
4110,"purity",6
4111,"qualification",6
4112,"quarrelsome",6
4113,"quench",6
4114,"query",6
4115,"questionnaire",6
4116,"racism",6
4117,"radiant",6
4118,"radiate",6
4119,"radiation",6
4120,"radiator",6
4121,"radical",6
4122,"raft",6
4123,"raid",6
4124,"random",6
4125,"ransom",6
4126,"rash",6
4127,"rational",6
4128,"ravage",6
4129,"realism",6
4130,"realization",6
4131,"rebellion",6
4132,"recession",6
4133,"recipient",6
4134,"recommendation",6
4135,"reconcile",6
4136,"recreational",6
4137,"recruit",6
4138,"recur",6
4139,"redundant",6
4140,"refine",6
4141,"refinement",6
4142,"reflective",6
4143,"refreshment",6
4144,"refund",6
4145,"regardless",6
4146,"regime",6
4147,"rehearsal",6
4148,"rehearse",6
4149,"rein",6
4150,"reinforce",6
4151,"relay",6
4152,"relevant",6
4153,"reliance",6
4154,"relish",6
4155,"remainder",6
4156,"removal",6
4157,"renaissance",6
4158,"render",6
4159,"renowned",6
4160,"rental",6
4161,"repress",6
4162,"resemblance",6
4163,"reservoir",6
4164,"residential",6
4165,"resistant",6
4166,"resolute",6
4167,"respective",6
4168,"restoration",6
4169,"restraint",6
4170,"retail",6
4171,"retaliate",6
4172,"retrieve",6
4173,"revelation",6
4174,"revenue",6
4175,"revival",6
4176,"rhetoric",6
4177,"rhythmic",6
4178,"ridicule",6
4179,"rigorous",6
4180,"riot",6
4181,"rite",6
4182,"ritual",6
4183,"rivalry",6
4184,"rotate",6
4185,"rotation",6
4186,"royalty",6
4187,"ruby",6
4188,"safeguard",6
4189,"saloon",6
4190,"salvation",6
4191,"sanction",6
4192,"sanctuary",6
4193,"sane",6
4194,"sanitation",6
4195,"scenic",6
4196,"scope",6
4197,"script",6
4198,"sector",6
4199,"seduce",6
4200,"selective",6
4201,"seminar",6
4202,"senator",6
4203,"sentimental",6
4204,"sequence",6
4205,"serene",6
4206,"serenity",6
4207,"serving",6
4208,"session",6
4209,"setback",6
4210,"sewer",6
4211,"shed",6
4212,"sheer",6
4213,"shilling",6
4214,"shoplift",6
4215,"shrewd",6
4216,"shun",6
4217,"siege",6
4218,"signify",6
4219,"silicon",6
4220,"simplicity",6
4221,"simplify",6
4222,"simultaneous",6
4223,"skeptical",6
4224,"skim",6
4225,"slang",6
4226,"slash",6
4227,"slavery",6
4228,"slot",6
4229,"slum",6
4230,"smack",6
4231,"smallpox",6
4232,"smother",6
4233,"smuggle",6
4234,"snare",6
4235,"sneaky",6
4236,"sneer",6
4237,"soar",6
4238,"sociable",6
4239,"socialism",6
4240,"socialist",6
4241,"socialize",6
4242,"sociology",6
4243,"sodium",6
4244,"solidarity",6
4245,"solitude",6
4246,"soothe",6
4247,"sophisticated",6
4248,"sovereignty",6
4249,"spacious",6
4250,"span",6
4251,"specialize",6
4252,"specialty",6
4253,"specify",6
4254,"spectacular",6
4255,"spectrum",6
4256,"speculate",6
4257,"sphere",6
4258,"spike",6
4259,"spiral",6
4260,"spire",6
4261,"spokesperson",6
4262,"spokesman",6
4263,"spokeswoman",6
4264,"sponsor",6
4265,"spontaneous",6
4266,"spouse",6
4267,"sprawl",6
4268,"squad",6
4269,"squash",6
4270,"stability",6
4271,"stabilize",6
4272,"stalk",6
4273,"stammer",6
4274,"staple",6
4275,"stapler",6
4276,"starch",6
4277,"starvation",6
4278,"stationary",6
4279,"stationery",6
4280,"stature",6
4281,"steamer",6
4282,"stimulate",6
4283,"stimulation",6
4284,"stimulus",6
4285,"stock",6
4286,"strangle",6
4287,"strategic",6
4288,"stunt",6
4289,"subjective",6
4290,"subordinate",6
4291,"subscribe",6
4292,"subscription",6
4293,"subsequent",6
4294,"substitution",6
4295,"subtle",6
4296,"suburban",6
4297,"succession",6
4298,"successive",6
4299,"successor",6
4300,"suffocate",6
4301,"suite",6
4302,"superb",6
4303,"superiority",6
4304,"supersonic",6
4305,"superstitious",6
4306,"supervision",6
4307,"supplement",6
4308,"surpass",6
4309,"surplus",6
4310,"suspense",6
4311,"suspension",6
4312,"swap",6
4313,"symbolic",6
4314,"symbolize",6
4315,"symmetry",6
4316,"symptom",6
4317,"synonym",6
4318,"synthetic",6
4319,"tact",6
4320,"tactic",6
4321,"tariff",6
4322,"tedious",6
4323,"temperament",6
4324,"tempest",6
4325,"terminate",6
4326,"textile",6
4327,"texture",6
4328,"theatrical",6
4329,"theft",6
4330,"theoretical",6
4331,"therapist",6
4332,"therapy",6
4333,"thereafter",6
4334,"thereby",6
4335,"thermometer",6
4336,"threshold",6
4337,"thrift",6
4338,"thrifty",6
4339,"thrive",6
4340,"throb",6
4341,"toll",6
4342,"topple",6
4343,"tornado",6
4344,"trait",6
4345,"tranquil",6
4346,"tranquilizer",6
4347,"transaction",6
4348,"transcript",6
4349,"transformation",6
4350,"transistor",6
4351,"transit",6
4352,"transition",6
4353,"transmission",6
4354,"transmit",6
4355,"transplant",6
4356,"trauma",6
4357,"tread",6
4358,"treason",6
4359,"trek",6
4360,"tremor",6
4361,"trespass",6
4362,"trigger",6
4363,"triumphant",6
4364,"trivial",6
4365,"trophy",6
4366,"tropic",6
4367,"truant",6
4368,"truce",6
4369,"tuberculosis",6
4370,"tumor",6
4371,"turmoil",6
4372,"twilight",6
4373,"tyranny",6
4374,"ulcer",6
4375,"ultimate",6
4376,"unanimous",6
4377,"uncover",6
4378,"underestimate",6
4379,"undergo",6
4380,"undermine",6
4381,"undertake",6
4382,"undo",6
4383,"unemployment",6
4384,"unfold",6
4385,"unify",6
4386,"unlock",6
4387,"unpack",6
4388,"upbringing",6
4389,"upgrade",6
4390,"uphold",6
4391,"uranium",6
4392,"urgency",6
4393,"urine",6
4394,"usher",6
4395,"utensil",6
4396,"utility",6
4397,"utilize",6
4398,"utmost",6
4399,"vaccine",6
4400,"valiant",6
4401,"valid",6
4402,"validity",6
4403,"vanilla",6
4404,"variable",6
4405,"variation",6
4406,"vend",6
4407,"vendor",6
4408,"verge",6
4409,"versatile",6
4410,"version",6
4411,"veteran",6
4412,"veterinarian",6
4413,"vet",6
4414,"vibration",6
4415,"vice",6
4416,"vicious",6
4417,"victimize",6
4418,"victor",6
4419,"victorious",6
4420,"villa",6
4421,"vineyard",6
4422,"virtual",6
4423,"visualize",6
4424,"vitality",6
4425,"vocal",6
4426,"vocation",6
4427,"vocational",6
4428,"vogue",6
4429,"vomit",6
4430,"vulgar",6
4431,"vulnerable",6
4432,"wardrobe",6
4433,"warfare",6
4434,"warranty",6
4435,"waterproof",6
4436,"watertight",6
4437,"whatsoever",6
4438,"windshield",6
4439,"withstand",6
4440,"witty",6
4441,"woo",6
4442,"wrench",6
4443,"wrestle",6
4444,"xerox",6
4445,"xerox",6
4446,"yearn",6
4447,"zeal",6
4448,"ability",2
4449,"abroad",2
4450,"absence",2
4451,"absent",2
4452,"accept",2
4453,"active",2
4454,"addition",2
4455,"advance",2
4456,"affair",2
4457,"aid",2
4458,"aim",2
4459,"aircraft",2
4460,"airline",2
4461,"alarm",2
4462,"album",2
4463,"alike",2
4464,"alive",2
4465,"almond",2
4466,"aloud",2
4467,"alphabet",2
4468,"although",2
4469,"altogether",2
4470,"amount",2
4471,"ancient",2
4472,"ankle",2
4473,"anybody",2
4474,"anyone",2
4475,"anyhow",2
4476,"anytime",2
4477,"anyway",2
4478,"anywhere",2
4479,"anyplace",2
4480,"apartment",2
4481,"appearance",2
4482,"appetite",2
4483,"apply",2
4484,"apron",2
4485,"argue",2
4486,"argument",2
4487,"arm",2
4488,"armchair",2
4489,"arrange",2
4490,"arrangement",2
4491,"arrest",2
4492,"arrive",2
4493,"arrow",2
4494,"article",2
4495,"essay",2
4496,"artist",2
4497,"asleep",2
4498,"assistant",2
4499,"attack",2
4500,"attend",2
4501,"attention",2
4502,"avoid",2
4503,"baby-sit",2
4504,"baby-sitter",2
4505,"backward",2
4506,"backward",2
4507,"backwards",2
4508,"bake",2
4509,"bakery",2
4510,"balcony",2
4511,"bamboo",2
4512,"banker",2
4513,"barbecue",2
4514,"bbq",2
4515,"bark",2
4516,"basement",2
4517,"basics",2
4518,"basis",2
4519,"battle",2
4520,"bead",2
4521,"bean",2
4522,"bear",2
4523,"beard",2
4524,"bedroom",2
4525,"beef",2
4526,"beep",2
4527,"beer",2
4528,"beetle",2
4529,"beg",2
4530,"beginner",2
4531,"belief",2
4532,"believable",2
4533,"belt",2
4534,"bench",2
4535,"bend",2
4536,"besides",2
4537,"bet",2
4538,"beyond",2
4539,"bill",2
4540,"bind",2
4541,"bitter",2
4542,"blackboard",2
4543,"blank",2
4544,"blind",2
4545,"bloody",2
4546,"board",2
4547,"boil",2
4548,"bomb",2
4549,"bony",2
4550,"bookcase",2
4551,"borrow",2
4552,"boss",2
4553,"bother",2
4554,"bottle",2
4555,"bow",2
4556,"bowling",2
4557,"brain",2
4558,"branch",2
4559,"brand",2
4560,"brick",2
4561,"brief",2
4562,"broad",2
4563,"broadcast",2
4564,"brunch",2
4565,"brush",2
4566,"bun",2
4567,"bundle",2
4568,"burn",2
4569,"burst",2
4570,"business",2
4571,"button",2
4572,"cabbage",2
4573,"cable",2
4574,"café",2
4575,"cafe",2
4576,"cafeteria",2
4577,"calendar",2
4578,"calm",2
4579,"cancel",2
4580,"cancer",2
4581,"candle",2
4582,"captain",2
4583,"carpet",2
4584,"carrot",2
4585,"cart",2
4586,"cartoon",2
4587,"cash",2
4588,"cassette",2
4589,"castle",2
4590,"cave",2
4591,"ceiling",2
4592,"cell",2
4593,"central",2
4594,"century",2
4595,"cereal",2
4596,"chalk",2
4597,"change",2
4598,"character",2
4599,"charge",2
4600,"cheap",2
4601,"cheat",2
4602,"chemical",2
4603,"chess",2
4604,"childish",2
4605,"childlike",2
4606,"chin",2
4607,"chocolate",2
4608,"choice",2
4609,"choose",2
4610,"chopstick",2
4611,"circle",2
4612,"citizen",2
4613,"claim",2
4614,"clap",2
4615,"classic",2
4616,"claw",2
4617,"clay",2
4618,"cleaner",2
4619,"clerk",2
4620,"clever",2
4621,"climate",2
4622,"closet",2
4623,"cloth",2
4624,"clothe",2
4625,"clothes",2
4626,"clothing",2
4627,"cloudy",2
4628,"clown",2
4629,"club",2
4630,"coach",2
4631,"coal",2
4632,"cock",2
4633,"cockroach",2
4634,"roach",2
4635,"coin",2
4636,"collect",2
4637,"colorful",2
4638,"comb",2
4639,"comfortable",2
4640,"company",2
4641,"compare",2
4642,"complain",2
4643,"complete",2
4644,"computer",2
4645,"confirm",2
4646,"conflict",2
4647,"confucius",2
4648,"congratulation",2
4649,"consider",2
4650,"contact",2
4651,"contain",2
4652,"control",2
4653,"controller",2
4654,"convenient",2
4655,"conversation",2
4656,"cooker",2
4657,"copy",2
4658,"xerox",2
4659,"xerox",2
4660,"corner",2
4661,"costly",2
4662,"cotton",2
4663,"cough",2
4664,"countryside",2
4665,"county",2
4666,"couple",2
4667,"courage",2
4668,"court",2
4669,"cousin",2
4670,"crab",2
4671,"crane",2
4672,"crayon",2
4673,"crazy",2
4674,"cream",2
4675,"create",2
4676,"crime",2
4677,"crisis",2
4678,"crop",2
4679,"cross",2
4680,"crow",2
4681,"crowd",2
4682,"cruel",2
4683,"culture",2
4684,"cure",2
4685,"curious",2
4686,"curtain",2
4687,"drape",2
4688,"custom",2
4689,"customer",2
4690,"daily",2
4691,"damage",2
4692,"dangerous",2
4693,"data",2
4694,"dawn",2
4695,"deaf",2
4696,"debate",2
4697,"debt",2
4698,"decision",2
4699,"decorate",2
4700,"degree",2
4701,"delay",2
4702,"delicious",2
4703,"deliver",2
4704,"dentist",2
4705,"deny",2
4706,"department",2
4707,"depend",2
4708,"depth",2
4709,"describe",2
4710,"desert",2
4711,"design",2
4712,"desire",2
4713,"dessert",2
4714,"detect",2
4715,"develop",2
4716,"development",2
4717,"dew",2
4718,"dial",2
4719,"diamond",2
4720,"diary",2
4721,"dictionary",2
4722,"difference",2
4723,"difficulty",2
4724,"dinosaur",2
4725,"direction",2
4726,"director",2
4727,"disagree",2
4728,"disagreement",2
4729,"disappear",2
4730,"discuss",2
4731,"discussion",2
4732,"dishonest",2
4733,"display",2
4734,"distance",2
4735,"distant",2
4736,"divide",2
4737,"division",2
4738,"dizzy",2
4739,"dolphin",2
4740,"donkey",2
4741,"dot",2
4742,"double",2
4743,"doubt",2
4744,"doughnut",2
4745,"downtown",2
4746,"dr.",2
4747,"drag",2
4748,"dragon",2
4749,"dragonfly",2
4750,"drama",2
4751,"drawer",2
4752,"drawing",2
4753,"dress",2
4754,"drop",2
4755,"drug",2
4756,"drugstore",2
4757,"drum",2
4758,"dryer",2
4759,"dull",2
4760,"dumb",2
4761,"dumpling",2
4762,"duty",2
4763,"earn",2
4764,"earthquake",2
4765,"eastern",2
4766,"education",2
4767,"effect",2
4768,"effective",2
4769,"effort",2
4770,"elder",2
4771,"elect",2
4772,"element",2
4773,"elevator",2
4774,"emotion",2
4775,"encourage",2
4776,"encouragement",2
4777,"ending",2
4778,"enemy",2
4779,"energy",2
4780,"enjoyment",2
4781,"entire",2
4782,"entrance",2
4783,"envelope",2
4784,"environment",2
4785,"eraser",2
4786,"error",2
4787,"especially",2
4788,"event",2
4789,"exact",2
4790,"excellent",2
4791,"excite",2
4792,"encouragement",2
4793,"excuse",2
4794,"exercise",2
4795,"exist",2
4796,"expect",2
4797,"expensive",2
4798,"experience",2
4799,"expert",2
4800,"explain",2
4801,"express",2
4802,"extra",2
4803,"eyebrow",2
4804,"brow",2
4805,"fail",2
4806,"failure",2
4807,"fair",2
4808,"famous",2
4809,"fault",2
4810,"favor",2
4811,"favorite",2
4812,"fearful",2
4813,"fee",2
4814,"fellow",2
4815,"female",2
4816,"fence",2
4817,"festival",2
4818,"fever",2
4819,"field",2
4820,"fighter",2
4821,"figure",2
4822,"film",2
4823,"fireman",2
4824,"firewoman",2
4825,"firm",2
4826,"fisherman",2
4827,"fit",2
4828,"fix",2
4829,"flag",2
4830,"flash",2
4831,"flashlight",2
4832,"flash",2
4833,"flat",2
4834,"flight",2
4835,"flood",2
4836,"flour",2
4837,"flow",2
4838,"flu",2
4839,"flute",2
4840,"focus",2
4841,"foggy",2
4842,"following",2
4843,"fool",2
4844,"foolish",2
4845,"football",2
4846,"foreigner",2
4847,"forgive",2
4848,"form",2
4849,"formal",2
4850,"former",2
4851,"forward",2
4852,"forwards",2
4853,"fox",2
4854,"frank",2
4855,"freedom",2
4856,"freezer",2
4857,"friendly",2
4858,"fright",2
4859,"frighten",2
4860,"function",2
4861,"further",2
4862,"future",2
4863,"gain",2
4864,"garage",2
4865,"garbage",2
4866,"gardener",2
4867,"gate",2
4868,"gather",2
4869,"general",2
4870,"generous",2
4871,"gentle",2
4872,"gentleman",2
4873,"geography",2
4874,"giant",2
4875,"giraffe",2
4876,"glove",2
4877,"glue",2
4878,"goal",2
4879,"goat",2
4880,"golden",2
4881,"golf",2
4882,"govern",2
4883,"government",2
4884,"grade",2
4885,"grape",2
4886,"grassy",2
4887,"greedy",2
4888,"greet",2
4889,"growth",2
4890,"guard",2
4891,"guava",2
4892,"guitar",2
4893,"guy",2
4894,"habit",2
4895,"hall",2
4896,"hamburger",2
4897,"burger",2
4898,"hammer",2
4899,"handkerchief",2
4900,"handle",2
4901,"handsome",2
4902,"hang",2
4903,"hanger",2
4904,"hardly",2
4905,"hateful",2
4906,"healthy",2
4907,"heater",2
4908,"height",2
4909,"helpful",2
4910,"hen",2
4911,"hero",2
4912,"heroine",2
4913,"hide",2
4914,"highway",2
4915,"hip",2
4916,"hippopotamus",2
4917,"hippo",2
4918,"hire",2
4919,"hobby",2
4920,"holder",2
4921,"homesick",2
4922,"honest",2
4923,"honey",2
4924,"hop",2
4925,"hospital",2
4926,"host",2
4927,"hostess",2
4928,"hotel",2
4929,"however",2
4930,"hum",2
4931,"humble",2
4932,"humid",2
4933,"humor",2
4934,"hunger",2
4935,"hunt",2
4936,"hunter",2
4937,"hurry",2
4938,"ignore",2
4939,"ill",2
4940,"imagine",2
4941,"importance",2
4942,"improve",2
4943,"improvement",2
4944,"include",2
4945,"income",2
4946,"increase",2
4947,"independence",2
4948,"independent",2
4949,"indicate",2
4950,"industry",2
4951,"influence",2
4952,"ink",2
4953,"insect",2
4954,"insist",2
4955,"instance",2
4956,"instant",2
4957,"instrument",2
4958,"international",2
4959,"interview",2
4960,"introduce",2
4961,"invent",2
4962,"invitation",2
4963,"invite",2
4964,"island",2
4965,"item",2
4966,"jacket",2
4967,"jam",2
4968,"jazz",2
4969,"jeans",2
4970,"jeep",2
4971,"jog",2
4972,"joint",2
4973,"judge",2
4974,"juicy",2
4975,"ketchup",2
4976,"catsup",2
4977,"kindergarten",2
4978,"kingdom",2
4979,"knock",2
4980,"knowledge",2
4981,"koala",2
4982,"ladybug",2
4983,"ladybird",2
4984,"lane",2
4985,"language",2
4986,"lantern",2
4987,"lap",2
4988,"latest",2
4989,"lawyer",2
4990,"leadership",2
4991,"legal",2
4992,"lemon",2
4993,"lemonade",2
4994,"lend",2
4995,"length",2
4996,"leopard",2
4997,"lettuce",2
4998,"library",2
4999,"lick",2
5000,"lid",2
5001,"lightning",2
5002,"limit",2
5003,"link",2
5004,"liquid",2
5005,"listener",2
5006,"loaf",2
5007,"local",2
5008,"locate",2
5009,"lock",2
5010,"log",2
5011,"lone",2
5012,"lonely",2
5013,"lose",2
5014,"loser",2
5015,"loss",2
5016,"lovely",2
5017,"lover",2
5018,"lower",2
5019,"luck",2
5020,"magazine",2
5021,"magic",2
5022,"magician",2
5023,"main",2
5024,"maintain",2
5025,"male",2
5026,"mandarin",2
5027,"mango",2
5028,"manner",2
5029,"mark",2
5030,"marriage",2
5031,"mask",2
5032,"mass",2
5033,"mat",2
5034,"match",2
5035,"mate",2
5036,"material",2
5037,"meal",2
5038,"meaning",2
5039,"means",2
5040,"measurable",2
5041,"measure",2
5042,"measurement",2
5043,"medicine",2
5044,"meeting",2
5045,"melody",2
5046,"melon",2
5047,"member",2
5048,"memory",2
5049,"menu",2
5050,"message",2
5051,"metal",2
5052,"meter",2
5053,"method",2
5054,"military",2
5055,"million",2
5056,"mine",2
5057,"minus",2
5058,"mirror",2
5059,"mix",2
5060,"model",2
5061,"modern",2
5062,"monster",2
5063,"mosquito",2
5064,"moth",2
5065,"motion",2
5066,"motorcycle",2
5067,"movable",2
5068,"mrt",2
5069,"mass rapid transit",2
5070,"subway",2
5071,"underground",2
5072,"metro",2
5073,"mule",2
5074,"multiply",2
5075,"museum",2
5076,"musician",2
5077,"nail",2
5078,"naked",2
5079,"napkin",2
5080,"narrow",2
5081,"national",2
5082,"natural",2
5083,"naughty",2
5084,"nearby",2
5085,"nearly",2
5086,"neat",2
5087,"necessary",2
5088,"necklace",2
5089,"needle",2
5090,"negative",2
5091,"neighbor",2
5092,"neither",2
5093,"nephew",2
5094,"nest",2
5095,"net",2
5096,"niece",2
5097,"nobody",2
5098,"nod",2
5099,"none",2
5100,"noodle",2
5101,"northern",2
5102,"notebook",2
5103,"novel",2
5104,"nut",2
5105,"obey",2
5106,"object",2
5107,"occur",2
5108,"offer",2
5109,"official",2
5110,"omit",2
5111,"onion",2
5112,"operate",2
5113,"opinion",2
5114,"ordinary",2
5115,"organ",2
5116,"organization",2
5117,"organize",2
5118,"oven",2
5119,"overpass",2
5120,"overseas",2
5121,"owl",2
5122,"owner",2
5123,"ox",2
5124,"pack",2
5125,"package",2
5126,"pain",2
5127,"painful",2
5128,"painter",2
5129,"painting",2
5130,"pajamas",2
5131,"palm",2
5132,"pan",2
5133,"panda",2
5134,"papaya",2
5135,"pardon",2
5136,"parrot",2
5137,"particular",2
5138,"partner",2
5139,"passenger",2
5140,"paste",2
5141,"pat",2
5142,"path",2
5143,"patient",2
5144,"pattern",2
5145,"peace",2
5146,"peaceful",2
5147,"peach",2
5148,"peanut",2
5149,"pear",2
5150,"penguin",2
5151,"pepper",2
5152,"per",2
5153,"perfect",2
5154,"period",2
5155,"personal",2
5156,"photograph",2
5157,"photo",2
5158,"photographer",2
5159,"phrase",2
5160,"pick",2
5161,"picnic",2
5162,"pigeon",2
5163,"pile",2
5164,"pillow",2
5165,"pin",2
5166,"pineapple",2
5167,"ping-pong",2
5168,"table tennis",2
5169,"pink",2
5170,"pipe",2
5171,"pitch",2
5172,"pizza",2
5173,"plain",2
5174,"planet",2
5175,"plate",2
5176,"platform",2
5177,"playful",2
5178,"pleasant",2
5179,"pleasure",2
5180,"plus",2
5181,"poem",2
5182,"poet",2
5183,"poison",2
5184,"policy",2
5185,"polite",2
5186,"popular",2
5187,"population",2
5188,"pork",2
5189,"port",2
5190,"pose",2
5191,"positive",2
5192,"possibility",2
5193,"post",2
5194,"postcard",2
5195,"pot",2
5196,"potato",2
5197,"pound",2
5198,"powerful",2
5199,"praise",2
5200,"pray",2
5201,"prefer",2
5202,"presence",2
5203,"present",2
5204,"president",2
5205,"press",2
5206,"pride",2
5207,"prince",2
5208,"princess",2
5209,"principal",2
5210,"principle",2
5211,"printer",2
5212,"prison",2
5213,"prisoner",2
5214,"private",2
5215,"prize",2
5216,"produce",2
5217,"producer",2
5218,"progress",2
5219,"project",2
5220,"promise",2
5221,"pronounce",2
5222,"propose",2
5223,"protect",2
5224,"proud",2
5225,"provide",2
5226,"pudding",2
5227,"pump",2
5228,"pumpkin",2
5229,"punish",2
5230,"punishment",2
5231,"pupil",2
5232,"puppet",2
5233,"puppy",2
5234,"purse",2
5235,"puzzle",2
5236,"quality",2
5237,"quantity",2
5238,"quarter",2
5239,"quit",2
5240,"quiz",2
5241,"rabbit",2
5242,"rainy",2
5243,"range",2
5244,"rapid",2
5245,"rare",2
5246,"rather",2
5247,"reality",2
5248,"realize",2
5249,"recent",2
5250,"record",2
5251,"rectangle",2
5252,"refrigerator",2
5253,"fridge",2
5254,"icebox",2
5255,"refuse",2
5256,"regard",2
5257,"region",2
5258,"regular",2
5259,"reject",2
5260,"relation",2
5261,"relationship",2
5262,"repeat",2
5263,"reply",2
5264,"reporter",2
5265,"require",2
5266,"requirement",2
5267,"respect",2
5268,"responsible",2
5269,"restaurant",2
5270,"restroom",2
5271,"rest room",2
5272,"result",2
5273,"review",2
5274,"riches",2
5275,"rock",2
5276,"rocky",2
5277,"role",2
5278,"royal",2
5279,"rude",2
5280,"ruler",2
5281,"runner",2
5282,"rush",2
5283,"safety",2
5284,"sailor",2
5285,"salad",2
5286,"salty",2
5287,"sample",2
5288,"sandwich",2
5289,"satisfy",2
5290,"sauce",2
5291,"science",2
5292,"scientist",2
5293,"scissors",2
5294,"score",2
5295,"screen",2
5296,"search",2
5297,"secret",2
5298,"secretary",2
5299,"section",2
5300,"select",2
5301,"selection",2
5302,"semester",2
5303,"separate",2
5304,"serious",2
5305,"servant",2
5306,"settle",2
5307,"settlement",2
5308,"share",2
5309,"shelf",2
5310,"shell",2
5311,"shock",2
5312,"shoot",2
5313,"shorts",2
5314,"shower",2
5315,"shrimp",2
5316,"sidewalk",2
5317,"sign",2
5318,"silence",2
5319,"silent",2
5320,"silk",2
5321,"similar",2
5322,"simply",2
5323,"single",2
5324,"sink",2
5325,"skillful",2
5326,"skilled",2
5327,"skinny",2
5328,"skirt",2
5329,"sleepy",2
5330,"slender",2
5331,"slide",2
5332,"slim",2
5333,"slip",2
5334,"slipper",2
5335,"snack",2
5336,"snail",2
5337,"snowy",2
5338,"soccer",2
5339,"social",2
5340,"society",2
5341,"sock",2
5342,"soldier",2
5343,"solution",2
5344,"solve",2
5345,"somebody",2
5346,"somewhere",2
5347,"sort",2
5348,"source",2
5349,"southern",2
5350,"soybean",2
5351,"soya bean",2
5352,"soy",2
5353,"speaker",2
5354,"speed",2
5355,"spelling",2
5356,"spider",2
5357,"spinach",2
5358,"spirit",2
5359,"spot",2
5360,"spread",2
5361,"spring",2
5362,"square",2
5363,"squirrel",2
5364,"stage",2
5365,"stamp",2
5366,"standard",2
5367,"steak",2
5368,"steal",2
5369,"steam",2
5370,"steel",2
5371,"stick",2
5372,"stomach",2
5373,"storm",2
5374,"stove",2
5375,"straight",2
5376,"stranger",2
5377,"straw",2
5378,"strawberry",2
5379,"stream",2
5380,"stress",2
5381,"stretch",2
5382,"strict",2
5383,"strike",2
5384,"string",2
5385,"struggle",2
5386,"subject",2
5387,"subtract",2
5388,"subway",2
5389,"succeed",2
5390,"success",2
5391,"successful",2
5392,"sudden",2
5393,"suit",2
5394,"sunny",2
5395,"supermarket",2
5396,"supply",2
5397,"support",2
5398,"surface",2
5399,"survive",2
5400,"swallow",2
5401,"swan",2
5402,"sweater",2
5403,"sweep",2
5404,"swing",2
5405,"symbol",2
5406,"talent",2
5407,"talkative",2
5408,"tangerine",2
5409,"tank",2
5410,"tape",2
5411,"target",2
5412,"task",2
5413,"tasty",2
5414,"team",2
5415,"tear",2
5416,"teen",2
5417,"teenage",2
5418,"teenager",2
5419,"telephone",2
5420,"phone",2
5421,"television",2
5422,"tv",2
5423,"temple",2
5424,"tennis",2
5425,"tent",2
5426,"term",2
5427,"test",2
5428,"terrible",2
5429,"terrific",2
5430,"textbook",2
5431,"theater",2
5432,"therefore",2
5433,"thick",2
5434,"thief",2
5435,"thin",2
5436,"thirsty",2
5437,"throat",2
5438,"through",2
5439,"throughout",2
5440,"thumb",2
5441,"thunder",2
5442,"tip",2
5443,"title",2
5444,"toast",2
5445,"toe",2
5446,"tofu",2
5447,"bean curd",2
5448,"toilet",2
5449,"tomato",2
5450,"tongue",2
5451,"tooth",2
5452,"topic",2
5453,"tour",2
5454,"towel",2
5455,"tower",2
5456,"track",2
5457,"trade",2
5458,"tradition",2
5459,"traditional",2
5460,"traffic",2
5461,"trap",2
5462,"travel",2
5463,"treasure",2
5464,"treat",2
5465,"treatment",2
5466,"trial",2
5467,"triangle",2
5468,"trick",2
5469,"trousers",2
5470,"truck",2
5471,"trumpet",2
5472,"trust",2
5473,"truth",2
5474,"tube",2
5475,"tunnel",2
5476,"turkey",2
5477,"turtle",2
5478,"type",2
5479,"typhoon",2
5480,"ugly",2
5481,"umbrella",2
5482,"underwear",2
5483,"uniform",2
5484,"upon",2
5485,"upper",2
5486,"used",2
5487,"used to",2
5488,"user",2
5489,"usual",2
5490,"vacation",2
5491,"valley",2
5492,"value",2
5493,"victory",2
5494,"video",2
5495,"village",2
5496,"violin",2
5497,"visitor",2
5498,"vocabulary",2
5499,"volleyball",2
5500,"vote",2
5501,"voter",2
5502,"waist",2
5503,"waiter",2
5504,"waitress",2
5505,"wake",2
5506,"wallet",2
5507,"waterfall",2
5508,"watermelon",2
5509,"wave",2
5510,"weapon",2
5511,"wed",2
5512,"weekday",2
5513,"western",2
5514,"wet",2
5515,"whale",2
5516,"whatever",2
5517,"wheel",2
5518,"whenever",2
5519,"wherever",2
5520,"whisper",2
5521,"whoever",2
5522,"widen",2
5523,"width",2
5524,"wild",2
5525,"willing",2
5526,"windy",2
5527,"wing",2
5528,"winner",2
5529,"wire",2
5530,"wise",2
5531,"within",2
5532,"without",2
5533,"wolf",2
5534,"wonder",2
5535,"wonderful",2
5536,"wooden",2
5537,"wool",2
5538,"worth",2
5539,"wound",2
5540,"yard",2
5541,"youth",2
5542,"zebra",2